"mapruleid","shortname","network","allowedservergeo","excludedserverGeo"
"1","g","freeflow","",""
"2","l","freeflow","",""
"3","ms","freeflow","",""
"4","p","freeflow","",""
"6","c","freeflow","",""
"7","ca","freeflow","",""
"8","cb","freeflow","",""
"9","cc","freeflow","EU_V1",""
"11","ce","freeflow","",""
"12","ch","freeflow","",""
"14","sripns","map","",""
"15","na","freeflow","US",""
"16","ci","essl","",""
"17","ch1","freeflow","",""
"18","chaus","freeflow","",""
"19","us","freeflow","",""
"20","usd","freeflow","",""
"21","ci","freeflow","",""
"22","r","freeflow","",""
"23","s1","freeflow","",""
"25","x","freeflow","",""
"26","cheus","freeflow","",""
"27","chcus","freeflow","",""
"28","chwus","freeflow","",""
"29","cheu","freeflow","",""
"30","chapac","freeflow","",""
"31","g","essl","",""
"32","neu","essl","",""
"33","na","essl","CONUS",""
"34","cf","essl","",""
"35","cg","essl","",""
"36","ch","essl","",""
"37","cj","essl","",""
"38","cj1","essl","",""
"39","o","freeflow","",""
"40","i6o","freeflow","",""
"41","dsco","freeflow","",""
"42","diso2","freeflow","","DIS_EXCL1"
"43","i6diso2","freeflow","","DIS_EXCL1"
"44","dscdiso2","freeflow","","DIS_EXCL1"
"45","http_inges","ingest","",""
"46","http_inges","ingest","",""
"81","chsa","freeflow","",""
"82","ch2","freeflow","",""
"83","s2","freeflow","",""
"86","cf","freeflow","",""
"87","cg","freeflow","",""
"88","e","freeflow","",""
"89","s3","freeflow","",""
"90","rss","freeflow","",""
"91","cheus2","freeflow","",""
"92","chcus2","freeflow","",""
"93","chwus2","freeflow","",""
"94","cheu2","freeflow","",""
"95","mm1","freeflow","","HK"
"96","mm2","freeflow","","HK"
"97","mm3","freeflow","",""
"104","dsg1","freeflow","",""
"105","cj","freeflow","",""
"106","ck","freeflow","",""
"107","cp","freeflow","",""
"108","cn","freeflow","",""
"109","s4","freeflow","",""
"110","s5","freeflow","",""
"111","s6","freeflow","",""
"112","s7","freeflow","",""
"113","s8","freeflow","",""
"114","s9","freeflow","",""
"115","s10","freeflow","",""
"116","s11","freeflow","",""
"117","s12","freeflow","",""
"118","s13","freeflow","",""
"119","s14","freeflow","",""
"120","s15","freeflow","",""
"121","da1","freeflow","","RU"
"122","da2","freeflow","",""
"125","cha1","freeflow","","RU"
"126","cha2","freeflow","","RU"
"127","chjp","freeflow","",""
"134","lyg4","mts","",""
"135","lyg5","mts","",""
"138","pyg","mts","",""
"140","rss","essl","",""
"141","s1","essl","",""
"142","s2","essl","",""
"143","s3","essl","",""
"144","s4","essl","",""
"145","s5","essl","",""
"146","c","essl","",""
"147","l","essl","",""
"149","sa","freeflow","",""
"150","p","essl","",""
"151","x","essl","",""
"152","a","essl","",""
"153","b","essl","",""
"154","r","essl","",""
"155","d","essl","",""
"156","ca","essl","",""
"157","cb","essl","",""
"159","cd","essl","",""
"160","ce","essl","",""
"161","s16","freeflow","",""
"162","s17","freeflow","",""
"163","s18","freeflow","",""
"164","s19","freeflow","",""
"165","s20","freeflow","",""
"167","cm","freeflow","",""
"168","co","freeflow","",""
"173","tc","freeflow","",""
"174","td","freeflow","",""
"175","te","freeflow","",""
"176","clns","map","",""
"177","pg","freeflow","",""
"178","pch","freeflow","",""
"181","pg","essl","",""
"182","pch","essl","",""
"184","par","freeflow","",""
"185","i6g1","freeflow","",""
"186","par","essl","",""
"188","pi6gs","essl","",""
"189","ciw","essl","",""
"190","cis","essl","",""
"191","nus","essl","US",""
"192","cx","freeflow","",""
"197","gi3","freeflow","","RU"
"198","di3","freeflow","",""
"199","sky","freeflow","",""
"200","pcn","freeflow","",""
"201","pca","essl","",""
"203","cg1","essl","",""
"204","ion_acl","essl","",""
"205","api_acl","essl","",""
"206","dsa_acl","essl","",""
"207","i6ion_acl","essl","",""
"208","i6api_acl","essl","",""
"209","i6dsa_acl","essl","",""
"214","spch1","freeflow","",""
"215","spch2","freeflow","",""
"216","spch3","freeflow","",""
"217","spch4","freeflow","",""
"218","spch5","freeflow","",""
"219","spch6","freeflow","",""
"220","spch7","freeflow","",""
"223","spch10","freeflow","",""
"224","spch11","freeflow","",""
"225","spch12","freeflow","",""
"226","spch13","freeflow","",""
"227","spch14","freeflow","",""
"228","spch15","freeflow","",""
"229","spch16","freeflow","",""
"230","spch17","freeflow","",""
"231","spch18","freeflow","",""
"232","spch19","freeflow","",""
"233","spch20","freeflow","",""
"234","spch21","freeflow","",""
"236","spch23","freeflow","",""
"237","spch24","freeflow","",""
"238","spch25","freeflow","",""
"239","spch26","freeflow","",""
"240","spch27","freeflow","",""
"242","spch29","freeflow","",""
"243","spch30","freeflow","",""
"244","chjp2","freeflow","",""
"245","breeze245","ddc","",""
"246","breeze246","ddc","",""
"247","i6mm3","freeflow","",""
"248","dscmm3","freeflow","",""
"257","pdsg","freeflow","",""
"258","pi6g","freeflow","",""
"259","spch31","freeflow","",""
"260","spch32","freeflow","",""
"261","spch33","freeflow","",""
"262","spch34","freeflow","",""
"263","spch35","freeflow","",""
"264","spch36","freeflow","",""
"265","spch37","freeflow","",""
"266","spch38","freeflow","",""
"267","spch39","freeflow","",""
"268","spch40","freeflow","",""
"269","http_inges","ingest","",""
"270","cobra270","cobra","",""
"271","c2s271","c2s","",""
"274","ingest","ingest","",""
"275","llns2","freeflow","",""
"277","pch2","freeflow","",""
"278","pch2","essl","",""
"279","pgsni","essl","",""
"280","spch41","freeflow","",""
"281","spch42","freeflow","",""
"282","spch43","freeflow","",""
"283","spch44","freeflow","",""
"284","spch45","freeflow","",""
"285","spch46","freeflow","",""
"286","spch47","freeflow","",""
"287","spch48","freeflow","",""
"288","spch49","freeflow","",""
"289","spch50","freeflow","",""
"290","d","freeflow","",""
"291","h","freeflow","",""
"294","s6","essl","",""
"295","s7","essl","",""
"296","s8","essl","",""
"297","s9","essl","",""
"298","s10","essl","",""
"299","s11","essl","",""
"300","s12","essl","",""
"301","s13","essl","",""
"302","s14","essl","",""
"303","s15","essl","",""
"304","s21","freeflow","",""
"305","s22","freeflow","",""
"306","s23","freeflow","",""
"307","s24","freeflow","",""
"308","s25","freeflow","",""
"309","s26","freeflow","",""
"310","s27","freeflow","",""
"311","s28","freeflow","",""
"312","s29","freeflow","",""
"313","s30","freeflow","",""
"315","chsap","freeflow","",""
"316","chsaf","freeflow","",""
"318","srip1","srip","",""
"319","g","srip","",""
"322","srip4","srip","",""
"324","srip6","srip","",""
"327","srip9","srip","",""
"328","srip10","srip","",""
"329","llns1","freeflow","",""
"330","llns1","essl","",""
"332","b","freeflow","",""
"333","v","freeflow","",""
"334","t","freeflow","",""
"335","z","freeflow","",""
"336","s16","essl","",""
"337","s17","essl","",""
"338","s18","essl","",""
"339","s19","essl","",""
"340","s20","essl","",""
"341","s31","freeflow","",""
"342","s32","freeflow","",""
"343","s33","freeflow","",""
"344","s34","freeflow","",""
"345","s35","freeflow","",""
"346","s36","freeflow","",""
"347","s37","freeflow","",""
"348","s38","freeflow","",""
"349","s39","freeflow","",""
"350","s40","freeflow","",""
"351","s41","freeflow","",""
"352","s42","freeflow","",""
"353","s43","freeflow","",""
"354","s44","freeflow","",""
"355","s45","freeflow","",""
"356","s46","freeflow","",""
"357","s47","freeflow","",""
"358","s48","freeflow","",""
"359","s49","freeflow","",""
"360","s50","freeflow","",""
"361","chw","freeflow","",""
"362","chausw","freeflow","",""
"363","chwusw","freeflow","",""
"364","cheuw","freeflow","",""
"365","chapacw","freeflow","",""
"366","cheusw","freeflow","",""
"367","chcusw","freeflow","",""
"368","ch2w","freeflow","",""
"369","cheus2w","freeflow","",""
"370","chcus2w","freeflow","",""
"371","chwus2w","freeflow","",""
"372","cheu2w","freeflow","",""
"373","chw","essl","",""
"374","chws","freeflow","",""
"375","chws","essl","",""
"378","pchde","essl","CONUS",""
"379","pi6de","essl","CONUS",""
"380","pde","essl","CONUS",""
"381","cha3","freeflow","",""
"382","cha4","freeflow","",""
"383","chb1","freeflow","",""
"384","chb2","freeflow","",""
"385","chb3","freeflow","",""
"386","chb4","freeflow","",""
"387","chc1","freeflow","",""
"388","chc2","freeflow","",""
"389","chc3","freeflow","",""
"390","chc4","freeflow","",""
"391","chd1","freeflow","",""
"392","chd2","freeflow","",""
"393","chd3","freeflow","",""
"394","chd4","freeflow","",""
"399","chf1","freeflow","",""
"400","chf2","freeflow","",""
"401","chf3","freeflow","","RU"
"403","chg1","freeflow","",""
"404","chg2","freeflow","",""
"405","chg3","freeflow","",""
"406","chg4","freeflow","",""
"414","tm","freeflow","",""
"415","tn","freeflow","",""
"425","tx","freeflow","",""
"426","ty","freeflow","",""
"428","llns","freeflow","",""
"430","llns","essl","",""
"436","zch1","freeflow","",""
"437","zch2","freeflow","",""
"438","zch3","freeflow","",""
"439","zch4","freeflow","",""
"440","zch5","freeflow","",""
"441","zch6","freeflow","",""
"442","zch7","freeflow","",""
"443","zch8","freeflow","",""
"444","zch9","freeflow","",""
"445","zch10","freeflow","",""
"446","zch11","freeflow","",""
"447","zch12","freeflow","",""
"448","zch13","freeflow","",""
"449","zch14","freeflow","",""
"450","zch15","freeflow","",""
"451","zch16","freeflow","",""
"452","zch17","freeflow","",""
"453","zch18","freeflow","",""
"454","zch19","freeflow","",""
"455","zch20","freeflow","",""
"456","zch21","freeflow","",""
"458","zch23","freeflow","",""
"459","zch24","freeflow","",""
"460","zch25","freeflow","",""
"461","zch26","freeflow","",""
"462","zch27","freeflow","",""
"463","zch28","freeflow","",""
"464","zch29","freeflow","",""
"465","zch30","freeflow","","RU"
"466","zch31","freeflow","",""
"467","zch32","freeflow","",""
"468","zch33","freeflow","",""
"469","zch34","freeflow","",""
"470","zch35","freeflow","",""
"471","zch36","freeflow","",""
"472","zch37","freeflow","",""
"473","zch38","freeflow","",""
"474","zch39","freeflow","",""
"475","zch40","freeflow","",""
"476","breeze476","ddc","",""
"477","breeze477","ddc","",""
"485","sripcnc","srip","",""
"486","sripsrt","srip","",""
"487","cn2","freeflow","",""
"489","ca2","essl","",""
"490","r","ingest","",""
"492","tz","essl","",""
"497","lyg1","mts","",""
"498","lyg2","mts","",""
"499","lyg3","mts","",""
"1001","chp","essl","",""
"1002","chf","essl","",""
"1020","ch20","essl","",""
"1021","ch21","essl","",""
"1022","ch22","essl","",""
"1023","ch23","essl","",""
"1024","ch24","essl","",""
"1025","ch25","essl","",""
"1026","ch26","essl","",""
"1027","chjp","essl","",""
"1030","ch30","essl","",""
"1031","ch31","essl","",""
"1032","ch32","essl","",""
"1033","ch33","essl","",""
"1034","ch34","essl","",""
"1035","ch35","essl","",""
"1036","ch36","essl","",""
"1037","ch37","essl","",""
"1038","ch38","essl","",""
"1039","ch39","essl","",""
"1041","ch41","essl","",""
"1042","ch42","essl","",""
"1043","ch43","essl","",""
"1044","ch44","essl","CONUS",""
"1045","ch45","essl","CONUS",""
"1047","ch47","essl","",""
"1048","ch48","essl","",""
"1050","ch50","essl","",""
"1051","ch51","essl","",""
"1052","ch52","essl","",""
"1053","ch53","essl","",""
"1054","ch54","essl","",""
"1060","ch60","essl","",""
"1070","ch70","essl","",""
"1071","ch71","essl","",""
"1072","ch72","essl","",""
"1073","ch73","essl","",""
"1074","ch74","essl","",""
"1075","ch75","essl","",""
"1200","ch200","essl","",""
"1251","dscf","essl","",""
"1252","dsch","essl","",""
"1253","dsci","essl","",""
"1254","dscj","essl","",""
"1257","dsco","essl","",""
"1259","dsct","essl","",""
"1261","dscv","essl","",""
"1262","dscw","essl","",""
"1264","dscz","essl","",""
"1265","dscc4","essl","",""
"1266","pdscde","essl","CONUS",""
"1276","f","essl","",""
"1277","h","essl","",""
"1278","i","essl","",""
"1279","j","essl","",""
"1282","o","essl","",""
"1283","t","essl","",""
"1285","v","essl","",""
"1286","w","essl","",""
"1288","z","essl","",""
"1301","f1","essl","",""
"1302","h1","essl","",""
"1303","i1","essl","",""
"1304","j1","essl","",""
"1307","o1","essl","",""
"1309","t1","essl","",""
"1311","v1","essl","",""
"1312","w1","essl","",""
"1314","z1","essl","",""
"1315","k1","essl","",""
"1316","k2","essl","",""
"1326","as","essl","",""
"1327","bs","essl","",""
"1328","cs","essl","RGLB",""
"1329","ds","essl","",""
"1330","fs","essl","",""
"1331","gs","essl","",""
"1332","hs","essl","",""
"1333","is","essl","",""
"1334","js","essl","",""
"1339","os","essl","",""
"1342","ts","essl","",""
"1344","vs","essl","",""
"1345","ws","essl","",""
"1346","xs","essl","",""
"1348","zs","essl","",""
"1376","i6f","essl","",""
"1377","i6h","essl","",""
"1378","i6i","essl","",""
"1379","i6j","essl","",""
"1382","i6o","essl","",""
"1383","i6t","essl","",""
"1385","i6v","essl","",""
"1386","i6w","essl","",""
"1388","i6z","essl","",""
"1401","i6as","essl","",""
"1402","i6bs","essl","",""
"1403","i6cs","essl","RGLB",""
"1404","i6ds","essl","",""
"1405","i6fs","essl","",""
"1406","i6gs","essl","",""
"1407","i6hs","essl","",""
"1408","i6is","essl","",""
"1409","i6js","essl","",""
"1414","i6os","essl","",""
"1418","i6ts","essl","",""
"1420","i6vs","essl","",""
"1421","i6ws","essl","",""
"1422","i6xs","essl","",""
"1425","i6e24","essl","",""
"1439","dsceo","essl","",""
"1464","eo","essl","",""
"1489","eos","essl","",""
"1539","i6eo","essl","",""
"1564","i6eos","essl","",""
"1576","kg1","essl","",""
"1626","aw","essl","",""
"1627","zw","essl","",""
"1628","e9w","essl","","RU"
"1629","tw","essl","",""
"1630","e63w","essl","",""
"1701","g5s","freeflow","",""
"1702","i6g5s","freeflow","",""
"1801","g5o","freeflow","",""
"1802","i6g5o","freeflow","",""
"1803","vo","freeflow","","PRC"
"1804","i6vo","freeflow","","PRC"
"1805","zo","freeflow","","PRC"
"1806","i6zo","freeflow","","PRC"
"1807","do","freeflow","","PRC"
"1808","i6do","freeflow","","PRC"
"1819","to","freeflow","","PRC"
"1820","i6to","freeflow","","PRC"
"1853","hso","essl","","PRC"
"1854","i6hso","essl","","PRC"
"1855","dso","essl","","PRC"
"1856","i6dso","essl","","PRC"
"1861","aso","essl","","PRC"
"1862","i6aso","essl","","PRC"
"1901","g5e","freeflow","",""
"1902","i6g5e","freeflow","",""
"1903","ve","freeflow","",""
"1904","i6ve","freeflow","",""
"1905","ze","freeflow","",""
"1906","i6ze","freeflow","",""
"1907","de","freeflow","",""
"1908","i6de","freeflow","",""
"1911","g2e","freeflow","",""
"1912","i6g2e","freeflow","",""
"1953","hse","essl","",""
"1954","i6hse","essl","",""
"1955","dse","essl","",""
"1956","i6dse","essl","",""
"1959","gse","essl","",""
"1960","i6gse","essl","",""
"2501","ch001","freeflow","",""
"2502","ch002","freeflow","",""
"2503","ch003","freeflow","",""
"2504","ch004","freeflow","",""
"2505","ch005","freeflow","",""
"2506","ch006","freeflow","",""
"2507","ch007","freeflow","",""
"2508","ch008","freeflow","",""
"2510","ch010","freeflow","",""
"2511","ch011","freeflow","",""
"2512","ch012","freeflow","",""
"2513","ch013","freeflow","",""
"2514","ch014","freeflow","",""
"2516","ch016","freeflow","","RU"
"2517","ch017","freeflow","","RU"
"2518","ch018","freeflow","",""
"2520","ch020","freeflow","",""
"2521","ch021","freeflow","",""
"2522","ch022","freeflow","",""
"2523","ch023","freeflow","",""
"2524","ch024","freeflow","",""
"2525","ch025","freeflow","",""
"2526","ch026","freeflow","",""
"2527","ch027","freeflow","",""
"2528","ch028","freeflow","",""
"2529","ch029","freeflow","",""
"2530","ch030","freeflow","",""
"2531","ch031","freeflow","",""
"2532","ch032","freeflow","",""
"2533","ch033","freeflow","",""
"2534","ch034","freeflow","",""
"2535","ch035","freeflow","",""
"2536","ch036","freeflow","",""
"2537","ch037","freeflow","",""
"2538","ch038","freeflow","",""
"2539","ch039","freeflow","",""
"2540","ch040","freeflow","",""
"2541","ch041","freeflow","",""
"2542","ch042","freeflow","",""
"2543","ch043","freeflow","",""
"2544","ch044","freeflow","",""
"2545","ch045","freeflow","",""
"2546","ch046","freeflow","",""
"2547","ch047","freeflow","",""
"2548","ch048","freeflow","",""
"2549","ch049","freeflow","",""
"2550","ch050","freeflow","",""
"2551","ch051","freeflow","",""
"2552","ch052","freeflow","",""
"2553","ch053","freeflow","",""
"2554","ch054","freeflow","",""
"2555","ch055","freeflow","",""
"2556","ch056","freeflow","",""
"2557","ch057","freeflow","",""
"2558","ch058","freeflow","",""
"2559","ch059","freeflow","",""
"2560","ch060","freeflow","",""
"2561","ch061","freeflow","",""
"2562","ch062","freeflow","",""
"2563","ch063","freeflow","",""
"2564","ch064","freeflow","",""
"2565","ch065","freeflow","",""
"2566","ch066","freeflow","",""
"2567","ch067","freeflow","",""
"2568","ch068","freeflow","",""
"2569","ch069","freeflow","",""
"2570","ch070","freeflow","",""
"2571","ch071","freeflow","",""
"2572","ch072","freeflow","",""
"2573","ch073","freeflow","",""
"2574","ch074","freeflow","",""
"2575","ch075","freeflow","",""
"2576","ch076","freeflow","",""
"2577","ch077","freeflow","",""
"2578","ch078","freeflow","",""
"2580","ch080","freeflow","",""
"2581","ch081","freeflow","",""
"2582","ch082","freeflow","",""
"2583","ch083","freeflow","",""
"2584","ch084","freeflow","",""
"2585","ch085","freeflow","",""
"2586","ch086","freeflow","",""
"2587","ch087","freeflow","",""
"2588","ch088","freeflow","",""
"2589","ch089","freeflow","",""
"2590","ch090","freeflow","",""
"2591","ch091","freeflow","",""
"2592","ch092","freeflow","",""
"2593","ch093","freeflow","",""
"2594","ch094","freeflow","",""
"2595","ch095","freeflow","",""
"2596","ch096","freeflow","",""
"2597","ch097","freeflow","",""
"2598","ch098","freeflow","",""
"2599","ch099","freeflow","",""
"2600","ch100","freeflow","",""
"2601","ch101","freeflow","",""
"2602","ch102","freeflow","",""
"2603","ch103","freeflow","",""
"2604","ch104","freeflow","",""
"2605","ch105","freeflow","",""
"2606","ch106","freeflow","",""
"2607","ch107","freeflow","",""
"2608","ch108","freeflow","",""
"2609","ch109","freeflow","",""
"2610","ch110","freeflow","",""
"2611","ch111","freeflow","",""
"2612","ch112","freeflow","",""
"2613","ch113","freeflow","",""
"2614","ch114","freeflow","",""
"2615","ch115","freeflow","",""
"2616","ch116","freeflow","",""
"2617","ch117","freeflow","",""
"2618","ch118","freeflow","",""
"2619","ch119","freeflow","",""
"2620","ch120","freeflow","",""
"2621","ch121","freeflow","",""
"2622","ch122","freeflow","",""
"2623","ch123","freeflow","",""
"2624","ch124","freeflow","",""
"2625","ch125","freeflow","",""
"2626","ch126","freeflow","",""
"2627","ch127","freeflow","",""
"2628","ch128","freeflow","",""
"2629","ch129","freeflow","",""
"2630","ch130","freeflow","",""
"2631","ch131","freeflow","",""
"2632","ch132","freeflow","",""
"2633","ch133","freeflow","",""
"2634","ch134","freeflow","",""
"2635","ch135","freeflow","",""
"2636","ch136","freeflow","",""
"2637","ch137","freeflow","",""
"2638","ch138","freeflow","",""
"2639","ch139","freeflow","",""
"2640","ch140","freeflow","","RU"
"2641","ch141","freeflow","",""
"2642","ch142","freeflow","",""
"2643","ch143","freeflow","",""
"2644","ch144","freeflow","",""
"2645","ch145","freeflow","",""
"2646","ch146","freeflow","",""
"2647","ch147","freeflow","",""
"2648","ch148","freeflow","",""
"2649","ch149","freeflow","",""
"2650","ch150","freeflow","",""
"2651","ch151","freeflow","",""
"2652","ch152","freeflow","",""
"2653","ch153","freeflow","",""
"2654","ch154","freeflow","",""
"2655","ch155","freeflow","",""
"2656","ch156","freeflow","",""
"2657","ch157","freeflow","",""
"2658","ch158","freeflow","",""
"2659","ch159","freeflow","",""
"2660","ch160","freeflow","",""
"2661","ch161","freeflow","",""
"2662","ch162","freeflow","",""
"2663","ch163","freeflow","",""
"2664","ch164","freeflow","",""
"2665","ch165","freeflow","",""
"2666","ch166","freeflow","",""
"2667","ch167","freeflow","",""
"2668","ch168","freeflow","",""
"2669","ch169","freeflow","",""
"2670","ch170","freeflow","",""
"2671","ch171","freeflow","",""
"2672","ch172","freeflow","",""
"2673","ch173","freeflow","",""
"2674","ch174","freeflow","",""
"2675","ch175","freeflow","",""
"2676","ch176","freeflow","",""
"2677","ch177","freeflow","",""
"2678","ch178","freeflow","",""
"2679","ch179","freeflow","",""
"2680","ch180","freeflow","",""
"2681","ch181","freeflow","",""
"2682","ch182","freeflow","",""
"2683","ch183","freeflow","",""
"2685","ch185","freeflow","",""
"2686","ch186","freeflow","",""
"2687","ch187","freeflow","",""
"2688","ch188","freeflow","",""
"2689","ch189","freeflow","",""
"2690","ch190","freeflow","",""
"2691","ch191","freeflow","",""
"2692","ch192","freeflow","",""
"2693","ch193","freeflow","",""
"2694","ch194","freeflow","",""
"2695","ch195","freeflow","",""
"2696","ch196","freeflow","",""
"2697","ch197","freeflow","",""
"2698","ch198","freeflow","",""
"2699","ch199","freeflow","",""
"2700","ch200","freeflow","",""
"2701","ch201","freeflow","",""
"2702","ch202","freeflow","",""
"2703","ch203","freeflow","",""
"2704","ch204","freeflow","",""
"2705","ch205","freeflow","",""
"2706","ch206","freeflow","",""
"2707","ch207","freeflow","",""
"2710","ch210","freeflow","",""
"2711","ch211","freeflow","",""
"2712","ch212","freeflow","",""
"2714","ch214","freeflow","",""
"2715","ch215","freeflow","",""
"2716","ch216","freeflow","",""
"2717","ch217","freeflow","",""
"2718","ch218","freeflow","",""
"2719","ch219","freeflow","",""
"2720","ch220","freeflow","",""
"2721","ch221","freeflow","",""
"2722","ch222","freeflow","",""
"2723","ch223","freeflow","",""
"2724","ch224","freeflow","",""
"2725","ch225","freeflow","",""
"2726","ch226","freeflow","",""
"2727","ch227","freeflow","",""
"2728","ch228","freeflow","",""
"2730","ch230","freeflow","",""
"2731","ch231","freeflow","",""
"2732","ch232","freeflow","",""
"2733","ch233","freeflow","",""
"2734","ch234","freeflow","",""
"2735","ch235","freeflow","",""
"2736","ch236","freeflow","",""
"2737","ch237","freeflow","",""
"2738","ch238","freeflow","",""
"2739","ch239","freeflow","",""
"2740","ch240","freeflow","",""
"2741","ch241","freeflow","",""
"2742","ch242","freeflow","",""
"2743","ch243","freeflow","",""
"2744","ch244","freeflow","",""
"2745","ch245","freeflow","",""
"2746","ch246","freeflow","",""
"2747","ch247","freeflow","",""
"2748","ch248","freeflow","",""
"2749","ch249","freeflow","",""
"2750","ch250","freeflow","",""
"2751","ch251","freeflow","",""
"2752","ch252","freeflow","",""
"2753","ch253","freeflow","",""
"2754","ch254","freeflow","",""
"2755","ch255","freeflow","",""
"2756","ch256","freeflow","",""
"2757","ch257","freeflow","",""
"2758","ch258","freeflow","",""
"2759","ch259","freeflow","",""
"2760","ch260","freeflow","",""
"2761","ch261","freeflow","",""
"2762","ch262","freeflow","",""
"2763","ch263","freeflow","",""
"2764","ch264","freeflow","",""
"2765","ch265","freeflow","",""
"2766","ch266","freeflow","",""
"2767","ch267","freeflow","",""
"2768","ch268","freeflow","",""
"2769","ch269","freeflow","",""
"2770","ch270","freeflow","",""
"2771","ch271","freeflow","",""
"2772","ch272","freeflow","",""
"2773","ch273","freeflow","",""
"2774","ch274","freeflow","",""
"2775","ch275","freeflow","",""
"2776","ch276","freeflow","",""
"2777","ch277","freeflow","",""
"2778","ch278","freeflow","",""
"2779","ch279","freeflow","",""
"2780","ch280","freeflow","",""
"2781","ch281","freeflow","",""
"2782","ch282","freeflow","",""
"2783","ch283","freeflow","",""
"2784","ch284","freeflow","",""
"2785","ch285","freeflow","",""
"2786","ch286","freeflow","",""
"2787","ch287","freeflow","",""
"2788","ch288","freeflow","",""
"2789","ch289","freeflow","",""
"2790","ch290","freeflow","",""
"2791","ch291","freeflow","",""
"2792","ch292","freeflow","",""
"2793","ch293","freeflow","",""
"2794","ch294","freeflow","",""
"2795","ch295","freeflow","",""
"2796","ch296","freeflow","",""
"2797","ch297","freeflow","",""
"2798","ch298","freeflow","",""
"2799","ch299","freeflow","",""
"2800","ch300","freeflow","",""
"2801","ch301","freeflow","",""
"2802","ch302","freeflow","",""
"2803","ch303","freeflow","",""
"2804","ch304","freeflow","",""
"2805","ch305","freeflow","",""
"2806","ch306","freeflow","",""
"2807","ch307","freeflow","",""
"2808","ch308","freeflow","",""
"2809","ch309","freeflow","",""
"2810","ch310","freeflow","",""
"2811","ch311","freeflow","",""
"2812","ch312","freeflow","",""
"2813","ch313","freeflow","",""
"2814","ch314","freeflow","",""
"2815","ch315","freeflow","",""
"2816","ch316","freeflow","",""
"2817","ch317","freeflow","",""
"2818","ch318","freeflow","",""
"2819","ch319","freeflow","",""
"2820","ch320","freeflow","",""
"2821","ch321","freeflow","",""
"2822","ch322","freeflow","",""
"2823","ch323","freeflow","",""
"2824","ch324","freeflow","",""
"2825","ch325","freeflow","",""
"2826","ch326","freeflow","",""
"2827","ch327","freeflow","",""
"2828","ch328","freeflow","",""
"2829","ch329","freeflow","",""
"2830","ch330","freeflow","",""
"2831","ch331","freeflow","",""
"2832","ch332","freeflow","",""
"2833","ch333","freeflow","",""
"2834","ch334","freeflow","",""
"2835","ch335","freeflow","",""
"2836","ch336","freeflow","",""
"2837","ch337","freeflow","",""
"2838","ch338","freeflow","",""
"2839","ch339","freeflow","",""
"2860","ch360","freeflow","",""
"2861","ch361","freeflow","",""
"2862","ch362","freeflow","",""
"2863","ch363","freeflow","",""
"2864","ch364","freeflow","",""
"2865","ch365","freeflow","",""
"2866","ch366","freeflow","",""
"2867","ch367","freeflow","",""
"2868","ch368","freeflow","",""
"2869","ch369","freeflow","",""
"2870","ch370","freeflow","",""
"2871","ch371","freeflow","",""
"2872","ch372","freeflow","",""
"2873","ch373","freeflow","",""
"2874","ch374","freeflow","",""
"2875","ch375","freeflow","",""
"2876","ch376","freeflow","",""
"2877","ch377","freeflow","",""
"2878","ch378","freeflow","",""
"2879","ch379","freeflow","",""
"2880","ch380","freeflow","",""
"2881","ch381","freeflow","",""
"2882","ch382","freeflow","",""
"2883","ch383","freeflow","",""
"2884","ch384","freeflow","",""
"2885","ch385","freeflow","",""
"2886","ch386","freeflow","",""
"2887","ch387","freeflow","",""
"2888","ch388","freeflow","",""
"2889","ch389","freeflow","",""
"2890","ch390","freeflow","",""
"2891","ch391","freeflow","",""
"2892","ch392","freeflow","",""
"2893","ch393","freeflow","",""
"2894","ch394","freeflow","",""
"2895","ch395","freeflow","",""
"2896","ch396","freeflow","",""
"2897","ch397","freeflow","",""
"2898","ch398","freeflow","",""
"2899","ch399","freeflow","",""
"2900","ch400","freeflow","",""
"2901","w1","freeflow","",""
"2902","w2","freeflow","",""
"2903","w3","freeflow","",""
"2904","w4","freeflow","EU",""
"2905","w5","freeflow","",""
"2906","w6","freeflow","",""
"2907","w7","freeflow","",""
"2908","w8","freeflow","",""
"2909","w9","freeflow","",""
"2910","w10","freeflow","",""
"2911","w11","freeflow","","RU"
"2912","w12","freeflow","",""
"2913","w13","freeflow","","RU"
"2914","w14","freeflow","",""
"2916","w16","freeflow","",""
"2917","w17","freeflow","",""
"2919","w19","freeflow","",""
"2921","w21","freeflow","",""
"2922","w22","freeflow","",""
"2923","w23","freeflow","",""
"2925","w25","freeflow","",""
"2927","w27","freeflow","",""
"2928","w28","freeflow","","DIS_EXCL"
"2929","w29","freeflow","EU",""
"2930","w30","freeflow","",""
"2931","w31","freeflow","",""
"2932","w32","freeflow","",""
"2934","w34","freeflow","",""
"2935","w35","freeflow","",""
"2937","w37","freeflow","",""
"2938","w38","freeflow","","TW"
"2939","w39","freeflow","",""
"2940","w40","freeflow","",""
"2941","w41","freeflow","",""
"2942","w42","freeflow","",""
"2943","w43","freeflow","",""
"2944","w44","freeflow","","RU"
"2945","w45","freeflow","","RU"
"2948","w48","freeflow","",""
"2949","w49","freeflow","",""
"2951","e1","essl","","RU"
"2952","e2","essl","",""
"2953","e3","essl","EU",""
"2954","e4","essl","",""
"2955","e5","essl","WFC",""
"2956","e6","essl","EU",""
"2957","e7","essl","",""
"2958","e8","essl","",""
"2959","e9","essl","","RU"
"2960","e10","essl","",""
"2962","e12","essl","",""
"2964","e14","essl","",""
"2965","e15","essl","",""
"2966","e16","essl","",""
"2967","e17","essl","",""
"2969","e19","essl","","RU"
"2971","e21","essl","",""
"2972","e22","essl","",""
"2973","e23","essl","","RU"
"2974","e24","essl","",""
"2977","e27","essl","",""
"2978","e28","essl","",""
"2979","e29","essl","",""
"2981","e31","essl","",""
"2982","e32","essl","SA_EU",""
"2983","e33","essl","",""
"2984","e34","essl","",""
"2985","e35","essl","",""
"2994","pw4","freeflow","",""
"2998","pw8","freeflow","",""
"2999","pw9","freeflow","",""
"4011","s51","freeflow","",""
"4012","s52","freeflow","",""
"4013","s53","freeflow","",""
"4014","s54","freeflow","",""
"4015","s55","freeflow","",""
"4016","s56","freeflow","",""
"4017","s57","freeflow","",""
"4018","s58","freeflow","",""
"4019","s59","freeflow","",""
"4020","s60","freeflow","",""
"4021","s61","freeflow","",""
"4022","s62","freeflow","",""
"4023","s63","freeflow","",""
"4024","s64","freeflow","",""
"4025","s65","freeflow","",""
"4026","s66","freeflow","",""
"4027","s67","freeflow","",""
"4028","s68","freeflow","",""
"4029","s69","freeflow","",""
"4030","s70","freeflow","",""
"4031","s71","freeflow","",""
"4032","s72","freeflow","",""
"4033","s73","freeflow","",""
"4034","s74","freeflow","",""
"4035","s75","freeflow","",""
"4036","s76","freeflow","",""
"4037","s77","freeflow","",""
"4038","s78","freeflow","",""
"4039","s79","freeflow","",""
"4040","s80","freeflow","",""
"4041","s81","freeflow","",""
"4042","s82","freeflow","",""
"4043","s83","freeflow","",""
"4044","s84","freeflow","",""
"4045","s85","freeflow","",""
"4046","s86","freeflow","",""
"4047","s87","freeflow","",""
"4048","s88","freeflow","",""
"4049","s89","freeflow","",""
"4050","s90","freeflow","",""
"4051","s91","freeflow","",""
"4052","s92","freeflow","",""
"4053","s93","freeflow","",""
"4054","s94","freeflow","",""
"4055","s95","freeflow","",""
"4056","s96","freeflow","",""
"4057","s97","freeflow","",""
"4058","s98","freeflow","",""
"4059","s99","freeflow","",""
"4060","s100","freeflow","",""
"4061","s21","essl","",""
"4062","s22","essl","",""
"4063","s23","essl","",""
"4064","s24","essl","",""
"4065","s25","essl","",""
"4066","s26","essl","",""
"4067","s27","essl","",""
"4068","s28","essl","",""
"4069","s29","essl","",""
"4070","s30","essl","",""
"4071","s31","essl","",""
"4072","s32","essl","",""
"4073","s33","essl","",""
"4074","s34","essl","",""
"4075","s35","essl","",""
"4076","s36","essl","",""
"4077","s37","essl","",""
"4078","s38","essl","",""
"4079","s39","essl","",""
"4080","s40","essl","",""
"4081","s41","essl","",""
"4082","s42","essl","",""
"4083","s43","essl","",""
"4084","s44","essl","",""
"4085","s45","essl","",""
"4086","s46","essl","",""
"4087","s47","essl","",""
"4088","s48","essl","",""
"4089","s49","essl","",""
"4090","s50","essl","",""
"4091","s51","essl","",""
"4092","s52","essl","",""
"4093","s53","essl","",""
"4094","s54","essl","",""
"4095","s55","essl","",""
"4096","s56","essl","",""
"4097","s57","essl","",""
"4098","s58","essl","",""
"4099","s59","essl","",""
"4100","s60","essl","",""
"4101","s61","essl","",""
"4102","s62","essl","",""
"4103","s63","essl","",""
"4104","s64","essl","",""
"4105","s65","essl","",""
"4106","s66","essl","",""
"4107","s67","essl","",""
"4108","s68","essl","",""
"4109","s69","essl","",""
"4110","s70","essl","",""
"4111","g1","freeflow","",""
"4112","g2","freeflow","",""
"4113","g3","freeflow","",""
"4114","g4","freeflow","","RU"
"4115","g5","freeflow","",""
"4116","g6","freeflow","",""
"4117","g7","freeflow","",""
"4118","g8","freeflow","",""
"4120","g10","freeflow","",""
"4121","s101","freeflow","",""
"4122","s102","freeflow","",""
"4123","s103","freeflow","",""
"4124","s104","freeflow","",""
"4125","s105","freeflow","",""
"4126","s106","freeflow","",""
"4127","s107","freeflow","",""
"4128","s108","freeflow","",""
"4129","s109","freeflow","",""
"4130","s110","freeflow","",""
"4131","s111","freeflow","",""
"4132","s112","freeflow","",""
"4133","s113","freeflow","",""
"4134","s114","freeflow","",""
"4135","s115","freeflow","",""
"4136","s116","freeflow","",""
"4137","s117","freeflow","",""
"4138","s118","freeflow","",""
"4139","s119","freeflow","",""
"4140","s120","freeflow","",""
"4141","s121","freeflow","",""
"4142","s122","freeflow","",""
"4143","s123","freeflow","",""
"4144","s124","freeflow","",""
"4145","s125","freeflow","",""
"4146","s126","freeflow","",""
"4147","s127","freeflow","",""
"4148","s128","freeflow","",""
"4149","s129","freeflow","",""
"4150","s130","freeflow","",""
"4151","s131","freeflow","",""
"4152","s132","freeflow","",""
"4153","s133","freeflow","",""
"4154","s134","freeflow","",""
"4155","s135","freeflow","",""
"4156","s136","freeflow","",""
"4157","s137","freeflow","",""
"4158","s138","freeflow","",""
"4159","s139","freeflow","",""
"4160","s140","freeflow","",""
"4161","s141","freeflow","",""
"4162","s142","freeflow","",""
"4163","s143","freeflow","",""
"4164","s144","freeflow","",""
"4165","s145","freeflow","",""
"4166","s146","freeflow","",""
"4167","s147","freeflow","",""
"4168","s148","freeflow","",""
"4169","s149","freeflow","",""
"4170","s150","freeflow","",""
"4171","s151","freeflow","",""
"4172","s152","freeflow","",""
"4173","s153","freeflow","",""
"4174","s154","freeflow","",""
"4175","s155","freeflow","",""
"4176","s156","freeflow","",""
"4177","s157","freeflow","",""
"4178","s158","freeflow","",""
"4179","s159","freeflow","",""
"4180","s160","freeflow","",""
"4181","s161","freeflow","",""
"4182","s162","freeflow","",""
"4183","s163","freeflow","",""
"4184","s164","freeflow","",""
"4185","s165","freeflow","",""
"4186","s166","freeflow","",""
"4187","s167","freeflow","",""
"4188","s168","freeflow","",""
"4189","s169","freeflow","",""
"4190","s170","freeflow","",""
"4191","s171","freeflow","",""
"4192","s172","freeflow","",""
"4193","s173","freeflow","",""
"4194","s174","freeflow","",""
"4195","s175","freeflow","",""
"4196","s176","freeflow","",""
"4197","s177","freeflow","",""
"4198","s178","freeflow","",""
"4199","s179","freeflow","",""
"4200","s180","freeflow","",""
"4201","s181","freeflow","",""
"4202","s182","freeflow","",""
"4203","s183","freeflow","",""
"4204","s184","freeflow","",""
"4205","s185","freeflow","",""
"4206","s186","freeflow","",""
"4207","s187","freeflow","",""
"4208","s188","freeflow","",""
"4209","s189","freeflow","",""
"4210","s190","freeflow","",""
"4211","s191","freeflow","",""
"4212","s192","freeflow","",""
"4213","s193","freeflow","",""
"4214","s194","freeflow","",""
"4215","s195","freeflow","",""
"4216","s196","freeflow","",""
"4217","s197","freeflow","",""
"4218","s198","freeflow","",""
"4219","s199","freeflow","",""
"4220","s200","freeflow","",""
"4222","s71","essl","",""
"4223","s72","essl","",""
"4224","s73","essl","",""
"4225","s74","essl","",""
"4226","s75","essl","",""
"4227","s76","essl","",""
"4228","s77","essl","",""
"4229","s78","essl","",""
"4230","s79","essl","",""
"4231","s80","essl","",""
"4232","s81","essl","",""
"4233","s82","essl","",""
"4234","s83","essl","",""
"4235","s84","essl","",""
"4236","s85","essl","",""
"4237","s86","essl","",""
"4238","s87","essl","",""
"4239","s88","essl","",""
"4240","s89","essl","",""
"4241","s90","essl","",""
"4242","s91","essl","",""
"4243","s92","essl","",""
"4244","s93","essl","",""
"4245","s94","essl","",""
"4246","s95","essl","",""
"4247","s96","essl","",""
"4248","s97","essl","",""
"4249","s98","essl","",""
"4250","s99","essl","",""
"4251","s100","essl","",""
"4252","s101","essl","",""
"4253","s102","essl","",""
"4254","s103","essl","",""
"4255","s104","essl","",""
"4256","s105","essl","",""
"4257","s106","essl","",""
"4258","s107","essl","",""
"4259","s108","essl","",""
"4260","s109","essl","",""
"4261","s110","essl","",""
"4262","s111","essl","",""
"4263","s112","essl","",""
"4264","s113","essl","",""
"4265","s114","essl","",""
"4266","s115","essl","",""
"4267","s116","essl","",""
"4268","s117","essl","",""
"4269","s118","essl","",""
"4270","s119","essl","",""
"4271","s120","essl","",""
"4272","srip11","srip","",""
"4273","srip12","srip","",""
"4274","srip13","srip","",""
"4277","srip16","srip","",""
"4279","srip18","srip","",""
"4281","srip20","srip","",""
"4286","srip25","srip","",""
"4287","srip26","srip","",""
"4288","srip27","srip","",""
"4289","srip28","srip","",""
"4290","srip29","srip","",""
"4291","srip30","srip","",""
"4301","srip40","srip","",""
"4302","srip41","srip","",""
"4303","srip42","srip","",""
"4309","srip48","srip","",""
"4315","srip54","srip","",""
"4316","srip55","srip","",""
"4318","srip57","srip","",""
"4322","i6b","freeflow","",""
"4323","i6d","freeflow","",""
"4325","dswg","freeflow","",""
"4326","dscb","freeflow","",""
"4327","dspb","freeflow","",""
"4328","dswb","freeflow","",""
"4329","dscd","freeflow","",""
"4330","dspd","freeflow","",""
"4332","dsw1","freeflow","",""
"4333","dsw2","freeflow","",""
"4335","dsw4","freeflow","",""
"4352","dscg1","freeflow","",""
"4353","dspg1","freeflow","",""
"4354","dswg1","freeflow","",""
"4355","dscl","freeflow","",""
"4356","dspl","freeflow","",""
"4358","dscmm1","freeflow","",""
"4359","dspmm1","freeflow","",""
"4361","dscg","freeflow","",""
"4363","i6l","freeflow","",""
"4364","i6mm1","freeflow","","HK"
"4365","dsccf","freeflow","",""
"4368","i6cf","freeflow","",""
"4369","m","freeflow","",""
"4370","m","essl","",""
"4382","ch3","freeflow","",""
"4383","ch3s","freeflow","",""
"4384","ch2","essl","",""
"4385","ch3","essl","",""
"4386","ch4","freeflow","",""
"4387","ch4s","freeflow","",""
"4388","cheus","essl","",""
"4389","chcus","essl","",""
"4390","chwus","essl","",""
"4394","cheu","essl","",""
"4395","chru","essl","",""
"4401","ch401","freeflow","",""
"4402","ch402","freeflow","",""
"4403","ch403","freeflow","",""
"4404","ch404","freeflow","",""
"4405","ch405","freeflow","",""
"4406","ch406","freeflow","",""
"4407","ch407","freeflow","",""
"4408","ch408","freeflow","",""
"4409","ch409","freeflow","",""
"4410","ch410","freeflow","",""
"4411","ch411","freeflow","",""
"4412","ch412","freeflow","",""
"4413","ch413","freeflow","",""
"4414","ch414","freeflow","",""
"4415","ch415","freeflow","",""
"4416","ch416","freeflow","",""
"4417","ch417","freeflow","",""
"4418","ch418","freeflow","",""
"4419","ch419","freeflow","",""
"4420","ch420","freeflow","",""
"4421","ch421","freeflow","",""
"4422","ch422","freeflow","",""
"4423","ch423","freeflow","",""
"4424","ch424","freeflow","",""
"4425","ch425","freeflow","",""
"4426","ch426","freeflow","",""
"4427","ch427","freeflow","",""
"4428","ch428","freeflow","",""
"4429","ch429","freeflow","",""
"4430","ch430","freeflow","",""
"4431","ch431","freeflow","",""
"4432","ch432","freeflow","",""
"4433","ch433","freeflow","",""
"4434","ch434","freeflow","",""
"4435","ch435","freeflow","",""
"4436","ch436","freeflow","",""
"4437","ch437","freeflow","",""
"4438","ch438","freeflow","",""
"4439","ch439","freeflow","",""
"4440","ch440","freeflow","",""
"4441","ch441","freeflow","",""
"4442","ch442","freeflow","",""
"4443","ch443","freeflow","",""
"4444","ch444","freeflow","",""
"4445","ch445","freeflow","",""
"4446","ch446","freeflow","",""
"4447","ch447","freeflow","",""
"4448","ch448","freeflow","",""
"4449","ch449","freeflow","",""
"4450","ch450","freeflow","",""
"4451","ch451","freeflow","",""
"4452","ch452","freeflow","",""
"4453","ch453","freeflow","",""
"4454","ch454","freeflow","",""
"4455","ch455","freeflow","",""
"4456","ch456","freeflow","",""
"4457","ch457","freeflow","",""
"4458","ch458","freeflow","",""
"4459","ch459","freeflow","",""
"4460","ch460","freeflow","",""
"4461","ch461","freeflow","",""
"4462","ch462","freeflow","",""
"4463","ch463","freeflow","",""
"4464","ch464","freeflow","",""
"4465","ch465","freeflow","",""
"4466","ch466","freeflow","",""
"4467","ch467","freeflow","",""
"4468","ch468","freeflow","",""
"4469","ch469","freeflow","",""
"4470","ch470","freeflow","",""
"4471","ch471","freeflow","",""
"4472","ch472","freeflow","",""
"4473","ch473","freeflow","",""
"4474","ch474","freeflow","",""
"4475","ch475","freeflow","",""
"4476","ch476","freeflow","",""
"4477","ch477","freeflow","",""
"4478","ch478","freeflow","",""
"4479","ch479","freeflow","",""
"4480","ch480","freeflow","",""
"4481","ch481","freeflow","",""
"4482","ch482","freeflow","",""
"4483","ch483","freeflow","",""
"4484","ch484","freeflow","",""
"4485","ch485","freeflow","",""
"4486","ch486","freeflow","",""
"4487","ch487","freeflow","",""
"4488","ch488","freeflow","",""
"4489","ch489","freeflow","",""
"4490","ch490","freeflow","",""
"4491","ch491","freeflow","",""
"4492","ch492","freeflow","",""
"4493","ch493","freeflow","",""
"4494","ch494","freeflow","",""
"4495","ch495","freeflow","",""
"4496","ch496","freeflow","",""
"4497","ch497","freeflow","",""
"4498","ch498","freeflow","",""
"4499","ch499","freeflow","",""
"4500","ch500","freeflow","",""
"4501","ch501","freeflow","",""
"4502","ch502","freeflow","",""
"4503","ch503","freeflow","",""
"4504","ch504","freeflow","",""
"4505","ch505","freeflow","",""
"4506","ch506","freeflow","",""
"4507","ch507","freeflow","",""
"4508","ch508","freeflow","",""
"4509","ch509","freeflow","",""
"4510","ch510","freeflow","",""
"4511","ch511","freeflow","",""
"4512","ch512","freeflow","",""
"4513","ch513","freeflow","",""
"4514","ch514","freeflow","",""
"4515","ch515","freeflow","",""
"4516","ch516","freeflow","",""
"4517","ch517","freeflow","",""
"4518","ch518","freeflow","",""
"4519","ch519","freeflow","",""
"4520","ch520","freeflow","",""
"4521","ch521","freeflow","",""
"4522","ch522","freeflow","",""
"4523","ch523","freeflow","",""
"4524","ch524","freeflow","",""
"4525","ch525","freeflow","",""
"4526","ch526","freeflow","",""
"4527","ch527","freeflow","",""
"4528","ch528","freeflow","",""
"4529","ch529","freeflow","",""
"4530","ch530","freeflow","",""
"4531","ch531","freeflow","",""
"4532","ch532","freeflow","",""
"4533","ch533","freeflow","",""
"4534","ch534","freeflow","",""
"4535","ch535","freeflow","",""
"4536","ch536","freeflow","",""
"4537","ch537","freeflow","",""
"4538","ch538","freeflow","",""
"4539","ch539","freeflow","",""
"4540","ch540","freeflow","",""
"4541","ch541","freeflow","",""
"4542","ch542","freeflow","",""
"4543","ch543","freeflow","",""
"4544","ch544","freeflow","",""
"4545","ch545","freeflow","",""
"4546","ch546","freeflow","",""
"4547","ch547","freeflow","",""
"4548","ch548","freeflow","",""
"4549","ch549","freeflow","",""
"4550","ch550","freeflow","",""
"4551","ch551","freeflow","",""
"4552","ch552","freeflow","",""
"4553","ch553","freeflow","",""
"4554","ch554","freeflow","",""
"4555","ch555","freeflow","",""
"4556","ch556","freeflow","",""
"4557","ch557","freeflow","",""
"4558","ch558","freeflow","",""
"4559","ch559","freeflow","",""
"4560","ch560","freeflow","",""
"4561","ch561","freeflow","",""
"4562","ch562","freeflow","",""
"4563","ch563","freeflow","",""
"4564","ch564","freeflow","",""
"4565","ch565","freeflow","",""
"4566","ch566","freeflow","",""
"4567","ch567","freeflow","",""
"4568","ch568","freeflow","",""
"4569","ch569","freeflow","",""
"4570","ch570","freeflow","",""
"4571","ch571","freeflow","",""
"4572","ch572","freeflow","",""
"4573","ch573","freeflow","",""
"4574","ch574","freeflow","",""
"4575","ch575","freeflow","",""
"4576","ch576","freeflow","",""
"4577","ch577","freeflow","",""
"4578","ch578","freeflow","",""
"4579","ch579","freeflow","",""
"4580","ch580","freeflow","",""
"4581","ch581","freeflow","",""
"4582","ch582","freeflow","",""
"4583","ch583","freeflow","",""
"4584","ch584","freeflow","",""
"4585","ch585","freeflow","",""
"4586","ch586","freeflow","",""
"4587","ch587","freeflow","",""
"4588","ch588","freeflow","",""
"4589","ch589","freeflow","",""
"4590","ch590","freeflow","",""
"4591","ch591","freeflow","",""
"4592","ch592","freeflow","",""
"4593","ch593","freeflow","",""
"4594","ch594","freeflow","",""
"4595","ch595","freeflow","",""
"4596","ch596","freeflow","",""
"4597","ch597","freeflow","",""
"4598","ch598","freeflow","",""
"4599","ch599","freeflow","",""
"4600","ch600","freeflow","",""
"4601","s121","essl","",""
"4602","s122","essl","",""
"4603","s123","essl","",""
"4604","s124","essl","",""
"4605","s125","essl","",""
"4606","s126","essl","",""
"4607","s127","essl","",""
"4608","s128","essl","",""
"4609","s129","essl","",""
"4610","s130","essl","",""
"4611","s131","essl","",""
"4612","s132","essl","",""
"4613","s133","essl","",""
"4614","s134","essl","",""
"4615","s135","essl","",""
"4616","s136","essl","",""
"4617","s137","essl","",""
"4618","s138","essl","",""
"4619","s139","essl","",""
"4620","s140","essl","",""
"4621","s141","essl","",""
"4622","s142","essl","",""
"4623","s143","essl","",""
"4624","s144","essl","",""
"4625","s145","essl","",""
"4626","s146","essl","",""
"4627","s147","essl","",""
"4628","s148","essl","",""
"4629","s149","essl","",""
"4630","s150","essl","",""
"4631","s151","essl","",""
"4632","s152","essl","",""
"4633","s153","essl","",""
"4634","s154","essl","",""
"4635","s155","essl","",""
"4636","s156","essl","",""
"4637","s157","essl","",""
"4638","s158","essl","",""
"4639","s159","essl","",""
"4640","s160","essl","",""
"4641","s161","essl","",""
"4642","s162","essl","",""
"4643","s163","essl","",""
"4644","s164","essl","",""
"4645","s165","essl","",""
"4646","s166","essl","",""
"4647","s167","essl","",""
"4648","s168","essl","",""
"4649","s169","essl","",""
"4650","s170","essl","",""
"4651","w51","freeflow","",""
"4652","w52","freeflow","",""
"4653","w53","freeflow","",""
"4654","w54","freeflow","",""
"4655","w55","freeflow","",""
"4656","w56","freeflow","",""
"4659","w59","freeflow","",""
"4660","w60","freeflow","",""
"4661","w61","freeflow","",""
"4663","w63","freeflow","","DIS_EXCL"
"4665","w65","freeflow","",""
"4666","w66","freeflow","",""
"4667","w67","freeflow","",""
"4668","w68","freeflow","",""
"4669","w69","freeflow","",""
"4673","w73","freeflow","",""
"4674","w74","freeflow","","IN"
"4675","w75","freeflow","",""
"4676","w76","freeflow","",""
"4678","w78","freeflow","",""
"4679","w79","freeflow","",""
"4680","w80","freeflow","",""
"4681","w81","freeflow","",""
"4683","w83","freeflow","",""
"4685","w85","freeflow","",""
"4686","w86","freeflow","",""
"4687","w87","freeflow","",""
"4688","w88","freeflow","",""
"4689","w89","freeflow","",""
"4690","w90","freeflow","",""
"4691","w91","freeflow","",""
"4692","w92","freeflow","",""
"4693","w93","freeflow","",""
"4694","w94","freeflow","",""
"4695","w95","freeflow","",""
"4696","w96","freeflow","",""
"4697","w97","freeflow","",""
"4698","w98","freeflow","",""
"4699","w99","freeflow","",""
"4700","w100","freeflow","",""
"4701","i6ms","freeflow","",""
"4702","dscms","freeflow","",""
"4704","i6c","freeflow","",""
"4705","dscc","freeflow","",""
"4710","i6cp","freeflow","",""
"4713","i6cn","freeflow","",""
"4714","dsccn","freeflow","",""
"4716","i6da1","freeflow","","RU"
"4717","dscda1","freeflow","",""
"4719","i6da2","freeflow","",""
"4720","dscda2","freeflow","",""
"4721","dspda2","freeflow","",""
"4722","i6sa","freeflow","",""
"4723","dscsa","freeflow","",""
"4724","dspsa","freeflow","",""
"4725","i6gi3","freeflow","","RU"
"4726","dscgi3","freeflow","",""
"4728","i6di3","freeflow","",""
"4729","dscdi3","freeflow","",""
"4732","dscw3","freeflow","",""
"4733","dspw3","freeflow","",""
"4734","i6w6","freeflow","",""
"4735","dscw6","freeflow","",""
"4737","i6w7","freeflow","",""
"4738","dscw7","freeflow","",""
"4743","i6w11","freeflow","","RU"
"4744","dscw11","freeflow","",""
"4749","i6w23","freeflow","",""
"4750","i6m","freeflow","",""
"4751","dscm","freeflow","",""
"4752","i6w30","freeflow","",""
"4753","dscw30","freeflow","",""
"4755","i6w31","freeflow","",""
"4756","dscw31","freeflow","",""
"4758","i6w32","freeflow","",""
"4759","dscw32","freeflow","",""
"4764","i6w34","freeflow","",""
"4765","dscw34","freeflow","",""
"4767","i6w35","freeflow","",""
"4768","dscw35","freeflow","",""
"4776","i6w40","freeflow","",""
"4777","dscw40","freeflow","",""
"4778","dspw40","freeflow","",""
"4779","i6w41","freeflow","",""
"4780","dscw41","freeflow","",""
"4781","dspw41","freeflow","",""
"4782","i6w42","freeflow","",""
"4783","dscw42","freeflow","",""
"4784","dspw42","freeflow","",""
"4785","i6w43","freeflow","",""
"4786","dscw43","freeflow","",""
"4787","dspw43","freeflow","",""
"4788","i6g2","freeflow","",""
"4789","dscg2","freeflow","",""
"4790","dspg2","freeflow","",""
"4791","i6g3","freeflow","",""
"4792","dscg3","freeflow","",""
"4794","i6g4","freeflow","","RU"
"4795","dscg4","freeflow","",""
"4797","i6g5","freeflow","",""
"4798","dscg5","freeflow","",""
"4800","i6g6","freeflow","",""
"4803","i6g7","freeflow","",""
"4806","i6g8","freeflow","",""
"4812","i6g10","freeflow","",""
"4813","dscg10","freeflow","",""
"4815","i6b","essl","",""
"4816","dscb","essl","",""
"4817","dspb","essl","",""
"4818","i6g","essl","",""
"4819","dscg","essl","",""
"4820","dspg","essl","",""
"4822","dscc","essl","",""
"4824","i6d","essl","",""
"4825","dscd","essl","",""
"4828","dscr","essl","",""
"4833","i6ce","essl","",""
"4834","dscce","essl","",""
"4842","i6a","essl","",""
"4843","dsca","essl","",""
"4844","dspa","essl","",""
"4845","i6na","essl","CONUS",""
"4846","dscna","essl","",""
"4848","i6x","essl","",""
"4849","dscx","essl","",""
"4850","dspx","essl","",""
"4851","i6nus","essl","US",""
"4852","dscnus","essl","",""
"4857","i6ca","essl","",""
"4858","dscca","essl","",""
"4859","dspca","essl","",""
"4860","i6srip1","srip","",""
"4861","dscsrip1","srip","",""
"4866","pi6g","essl","",""
"4867","pdscg","essl","",""
"4868","i6r","freeflow","",""
"4869","dscr","freeflow","",""
"4870","dspr","freeflow","",""
"4872","sky2","freeflow","",""
"4873","sky3","freeflow","",""
"4874","sky4","freeflow","",""
"4901","i6mm2","freeflow","","HK"
"4902","dscmm2","freeflow","",""
"4936","lyg6","mts","",""
"4937","lyg7","mts","",""
"4938","lyg8","mts","",""
"4939","lyg9","mts","",""
"4940","lyg10","mts","",""
"4941","lyg11","mts","",""
"4942","lyg12","mts","",""
"4943","lyg13","mts","",""
"4991","ksd","freeflow","",""
"4992","ksd","essl","",""
"5001","i6h","freeflow","",""
"5002","dsch","freeflow","",""
"5004","i6ksd","freeflow","",""
"5005","dscksd","freeflow","",""
"5007","i6ch1","freeflow","",""
"5008","dscch1","freeflow","",""
"5010","i6w5","freeflow","",""
"5011","dscw5","freeflow","",""
"5012","dspw5","freeflow","",""
"5013","i6na","freeflow","US",""
"5014","dscna","freeflow","",""
"5016","q","freeflow","",""
"5018","f1","freeflow","",""
"5027","fch","freeflow","",""
"5041","i6q","freeflow","",""
"5042","dscq","freeflow","",""
"5043","dspq","freeflow","",""
"5047","i6f1","freeflow","",""
"5048","dscf1","freeflow","",""
"5078","e36","essl","",""
"5081","e39","essl","",""
"5101","i6ksd","essl","",""
"5102","dscksd","essl","",""
"5104","i6e1","essl","","RU"
"5105","dsce1","essl","",""
"5107","i6e2","essl","",""
"5108","dsce2","essl","",""
"5110","i6e3","essl","EU",""
"5111","dsce3","essl","",""
"5113","i6e4","essl","",""
"5114","dsce4","essl","",""
"5116","i6e5","essl","WFC",""
"5119","i6e6","essl","EU",""
"5120","dsce6","essl","",""
"5122","i6e7","essl","",""
"5123","dsce7","essl","",""
"5128","i6e9","essl","","RU"
"5129","dsce9","essl","",""
"5131","i6e10","essl","",""
"5132","dsce10","essl","",""
"5137","i6e36","essl","",""
"5160","dsce36","essl","",""
"5200","s171","essl","",""
"5201","s172","essl","",""
"5202","s173","essl","",""
"5203","s174","essl","",""
"5204","s175","essl","",""
"5205","s176","essl","",""
"5206","s177","essl","",""
"5207","s178","essl","",""
"5208","s179","essl","",""
"5209","s180","essl","",""
"5210","s181","essl","",""
"5211","s182","essl","",""
"5212","s183","essl","",""
"5213","s184","essl","",""
"5214","s185","essl","",""
"5215","s186","essl","",""
"5216","s187","essl","",""
"5217","s188","essl","",""
"5218","s189","essl","",""
"5219","s190","essl","",""
"5220","s191","essl","",""
"5221","s192","essl","",""
"5222","s193","essl","",""
"5223","s194","essl","",""
"5224","s195","essl","",""
"5225","s196","essl","",""
"5226","s197","essl","",""
"5227","s198","essl","",""
"5228","s199","essl","",""
"5229","s200","essl","",""
"5230","s201","essl","",""
"5231","s202","essl","",""
"5232","s203","essl","",""
"5233","s204","essl","",""
"5234","s205","essl","",""
"5235","s206","essl","",""
"5236","s207","essl","",""
"5237","s208","essl","",""
"5238","s209","essl","",""
"5239","s210","essl","",""
"5240","s211","essl","",""
"5241","s212","essl","",""
"5242","s213","essl","",""
"5243","s214","essl","",""
"5244","s215","essl","",""
"5245","s216","essl","",""
"5246","s217","essl","",""
"5247","s218","essl","",""
"5248","s219","essl","",""
"5249","s220","essl","",""
"5250","s221","essl","",""
"5251","s222","essl","",""
"5252","s223","essl","",""
"5253","s224","essl","",""
"5254","s225","essl","",""
"5255","s226","essl","",""
"5256","s227","essl","",""
"5257","s228","essl","",""
"5258","s229","essl","",""
"5259","s230","essl","",""
"5260","s231","essl","",""
"5261","s232","essl","",""
"5262","s233","essl","",""
"5263","s234","essl","",""
"5264","s235","essl","",""
"5265","s236","essl","",""
"5266","s237","essl","",""
"5267","s238","essl","",""
"5268","s239","essl","",""
"5269","s240","essl","",""
"5270","s241","essl","",""
"5271","s242","essl","",""
"5272","s243","essl","",""
"5273","s244","essl","",""
"5274","s245","essl","",""
"5275","s246","essl","",""
"5276","s247","essl","",""
"5277","s248","essl","",""
"5278","s249","essl","",""
"5279","s250","essl","",""
"5280","s251","essl","",""
"5281","s252","essl","",""
"5282","s253","essl","",""
"5283","s254","essl","",""
"5284","s255","essl","",""
"5285","s256","essl","",""
"5286","s257","essl","",""
"5287","s258","essl","",""
"5288","s259","essl","",""
"5289","s260","essl","",""
"5290","s261","essl","",""
"5291","s262","essl","",""
"5292","s263","essl","",""
"5293","s264","essl","",""
"5294","s265","essl","",""
"5295","s266","essl","",""
"5296","s267","essl","",""
"5297","s268","essl","",""
"5298","s269","essl","",""
"5299","s270","essl","",""
"5300","s201","freeflow","",""
"5301","s202","freeflow","",""
"5302","s203","freeflow","",""
"5303","s204","freeflow","",""
"5304","s205","freeflow","",""
"5305","s206","freeflow","",""
"5306","s207","freeflow","",""
"5307","s208","freeflow","",""
"5308","s209","freeflow","",""
"5309","s210","freeflow","",""
"5310","s211","freeflow","",""
"5311","s212","freeflow","",""
"5312","s213","freeflow","",""
"5313","s214","freeflow","",""
"5314","s215","freeflow","",""
"5315","s216","freeflow","",""
"5316","s217","freeflow","",""
"5317","s218","freeflow","",""
"5318","s219","freeflow","",""
"5319","s220","freeflow","",""
"5320","s221","freeflow","",""
"5321","s222","freeflow","",""
"5322","s223","freeflow","",""
"5323","s224","freeflow","",""
"5324","s225","freeflow","",""
"5325","s226","freeflow","",""
"5326","s227","freeflow","",""
"5327","s228","freeflow","",""
"5328","s229","freeflow","",""
"5329","s230","freeflow","",""
"5330","s231","freeflow","",""
"5331","s232","freeflow","",""
"5332","s233","freeflow","",""
"5333","s234","freeflow","",""
"5334","s235","freeflow","",""
"5335","s236","freeflow","",""
"5336","s237","freeflow","",""
"5337","s238","freeflow","",""
"5338","s239","freeflow","",""
"5339","s240","freeflow","",""
"5340","s241","freeflow","",""
"5341","s242","freeflow","",""
"5342","s243","freeflow","",""
"5343","s244","freeflow","",""
"5344","s245","freeflow","",""
"5345","s246","freeflow","",""
"5346","s247","freeflow","",""
"5347","s248","freeflow","",""
"5348","s249","freeflow","",""
"5349","s250","freeflow","",""
"5350","s251","freeflow","",""
"5351","s252","freeflow","",""
"5352","s253","freeflow","",""
"5353","s254","freeflow","",""
"5354","s255","freeflow","",""
"5355","s256","freeflow","",""
"5356","s257","freeflow","",""
"5357","s258","freeflow","",""
"5358","s259","freeflow","",""
"5359","s260","freeflow","",""
"5360","s261","freeflow","",""
"5361","s262","freeflow","",""
"5362","s263","freeflow","",""
"5363","s264","freeflow","",""
"5364","s265","freeflow","",""
"5365","s266","freeflow","",""
"5366","s267","freeflow","",""
"5367","s268","freeflow","",""
"5368","s269","freeflow","",""
"5369","s270","freeflow","",""
"5370","s271","freeflow","",""
"5371","s272","freeflow","",""
"5372","s273","freeflow","",""
"5373","s274","freeflow","",""
"5374","s275","freeflow","",""
"5375","s276","freeflow","",""
"5376","s277","freeflow","",""
"5377","s278","freeflow","",""
"5378","s279","freeflow","",""
"5379","s280","freeflow","",""
"5380","s281","freeflow","",""
"5381","s282","freeflow","",""
"5382","s283","freeflow","",""
"5383","s284","freeflow","",""
"5384","s285","freeflow","",""
"5385","s286","freeflow","",""
"5386","s287","freeflow","",""
"5387","s288","freeflow","",""
"5388","s289","freeflow","",""
"5389","s290","freeflow","",""
"5390","s291","freeflow","",""
"5391","s292","freeflow","",""
"5392","s293","freeflow","",""
"5393","s294","freeflow","",""
"5394","s295","freeflow","",""
"5395","s296","freeflow","",""
"5396","s297","freeflow","",""
"5397","s298","freeflow","",""
"5398","s299","freeflow","",""
"5399","s300","freeflow","",""
"5424","i6w10","freeflow","",""
"5425","i6w16","freeflow","",""
"5429","dscw10","freeflow","",""
"5430","dscw16","freeflow","",""
"5432","dscw23","freeflow","",""
"5434","dspw10","freeflow","",""
"5435","dspw16","freeflow","",""
"5437","dspw23","freeflow","",""
"5451","s301","freeflow","",""
"5452","s302","freeflow","",""
"5453","s303","freeflow","",""
"5454","s304","freeflow","",""
"5455","s305","freeflow","",""
"5456","s306","freeflow","",""
"5457","s307","freeflow","",""
"5458","s308","freeflow","",""
"5459","s309","freeflow","",""
"5460","s310","freeflow","",""
"5461","s311","freeflow","",""
"5462","s312","freeflow","",""
"5463","s313","freeflow","",""
"5464","s314","freeflow","",""
"5465","s315","freeflow","",""
"5466","s316","freeflow","",""
"5467","s317","freeflow","",""
"5468","s318","freeflow","",""
"5469","s319","freeflow","",""
"5470","s320","freeflow","",""
"5471","s321","freeflow","",""
"5472","s322","freeflow","",""
"5473","s323","freeflow","",""
"5474","s324","freeflow","",""
"5475","s325","freeflow","",""
"5476","s326","freeflow","",""
"5477","s327","freeflow","",""
"5478","s328","freeflow","",""
"5479","s329","freeflow","",""
"5480","s330","freeflow","",""
"5481","s331","freeflow","",""
"5482","s332","freeflow","",""
"5483","s333","freeflow","",""
"5484","s334","freeflow","",""
"5485","s335","freeflow","",""
"5486","s336","freeflow","",""
"5487","s337","freeflow","",""
"5488","s338","freeflow","",""
"5489","s339","freeflow","",""
"5490","s340","freeflow","",""
"5491","s341","freeflow","",""
"5492","s342","freeflow","",""
"5493","s343","freeflow","",""
"5494","s344","freeflow","",""
"5495","s345","freeflow","",""
"5496","s346","freeflow","",""
"5497","s347","freeflow","",""
"5498","s348","freeflow","",""
"5499","s349","freeflow","",""
"5500","s350","freeflow","",""
"5501","s351","freeflow","",""
"5502","s352","freeflow","",""
"5503","s353","freeflow","",""
"5504","s354","freeflow","",""
"5505","s355","freeflow","",""
"5506","s356","freeflow","",""
"5507","s357","freeflow","",""
"5508","s358","freeflow","",""
"5509","s359","freeflow","",""
"5510","s360","freeflow","",""
"5511","s361","freeflow","",""
"5512","s362","freeflow","",""
"5513","s363","freeflow","",""
"5514","s364","freeflow","",""
"5515","s365","freeflow","",""
"5516","s366","freeflow","",""
"5517","s367","freeflow","",""
"5518","s368","freeflow","",""
"5519","s369","freeflow","",""
"5520","s370","freeflow","",""
"5521","s371","freeflow","",""
"5522","s372","freeflow","",""
"5523","s373","freeflow","",""
"5524","s374","freeflow","",""
"5525","s375","freeflow","",""
"5526","s376","freeflow","",""
"5527","s377","freeflow","",""
"5528","s378","freeflow","",""
"5529","s379","freeflow","",""
"5530","s380","freeflow","",""
"5531","s381","freeflow","",""
"5532","s382","freeflow","",""
"5533","s383","freeflow","",""
"5534","s384","freeflow","",""
"5535","s385","freeflow","",""
"5536","s386","freeflow","",""
"5537","s387","freeflow","",""
"5538","s388","freeflow","",""
"5539","s389","freeflow","",""
"5540","s390","freeflow","",""
"5541","s391","freeflow","",""
"5542","s392","freeflow","",""
"5543","s393","freeflow","",""
"5544","s394","freeflow","",""
"5545","s395","freeflow","",""
"5546","s396","freeflow","",""
"5547","s397","freeflow","",""
"5548","s398","freeflow","",""
"5549","s399","freeflow","",""
"5550","s400","freeflow","",""
"5551","s271","essl","",""
"5552","s272","essl","",""
"5553","s273","essl","",""
"5554","s274","essl","",""
"5555","s275","essl","",""
"5556","s276","essl","",""
"5557","s277","essl","",""
"5558","s278","essl","",""
"5559","s279","essl","",""
"5560","s280","essl","",""
"5561","s281","essl","",""
"5562","s282","essl","",""
"5563","s283","essl","",""
"5564","s284","essl","",""
"5565","s285","essl","",""
"5566","s286","essl","",""
"5567","s287","essl","",""
"5568","s288","essl","",""
"5569","s289","essl","",""
"5570","s290","essl","",""
"5571","s291","essl","",""
"5572","s292","essl","",""
"5573","s293","essl","",""
"5574","s294","essl","",""
"5575","s295","essl","",""
"5576","s296","essl","",""
"5577","s297","essl","",""
"5578","s298","essl","",""
"5579","s299","essl","",""
"5580","s300","essl","",""
"5581","s301","essl","",""
"5582","s302","essl","",""
"5583","s303","essl","",""
"5584","s304","essl","",""
"5585","s305","essl","",""
"5586","s306","essl","",""
"5587","s307","essl","",""
"5588","s308","essl","",""
"5589","s309","essl","",""
"5590","s310","essl","",""
"5591","s311","essl","",""
"5592","s312","essl","",""
"5593","s313","essl","",""
"5594","s314","essl","",""
"5595","s315","essl","",""
"5596","s316","essl","",""
"5597","s317","essl","",""
"5598","s318","essl","",""
"5599","s319","essl","",""
"5600","s320","essl","",""
"5601","s321","essl","",""
"5602","s322","essl","",""
"5603","s323","essl","",""
"5604","s324","essl","",""
"5605","s325","essl","",""
"5606","s326","essl","",""
"5607","s327","essl","",""
"5608","s328","essl","",""
"5609","s329","essl","",""
"5610","s330","essl","",""
"5611","s331","essl","",""
"5612","s332","essl","",""
"5613","s333","essl","",""
"5614","s334","essl","",""
"5615","s335","essl","",""
"5616","s336","essl","",""
"5617","s337","essl","",""
"5618","s338","essl","",""
"5619","s339","essl","",""
"5620","s340","essl","",""
"5621","s341","essl","",""
"5622","s342","essl","",""
"5623","s343","essl","",""
"5624","s344","essl","",""
"5625","s345","essl","",""
"5626","s346","essl","",""
"5627","s347","essl","",""
"5628","s348","essl","",""
"5629","s349","essl","",""
"5630","s350","essl","",""
"5631","s351","essl","",""
"5632","s352","essl","",""
"5633","s353","essl","",""
"5634","s354","essl","",""
"5635","s355","essl","",""
"5636","s356","essl","",""
"5637","s357","essl","",""
"5638","s358","essl","",""
"5639","s359","essl","",""
"5640","s360","essl","",""
"5641","s361","essl","",""
"5642","s362","essl","",""
"5643","s363","essl","",""
"5644","s364","essl","",""
"5645","s365","essl","",""
"5646","s366","essl","",""
"5647","s367","essl","",""
"5648","s368","essl","",""
"5649","s369","essl","",""
"5650","s370","essl","",""
"5651","s371","essl","",""
"5652","s372","essl","",""
"5653","s373","essl","",""
"5654","s374","essl","",""
"5655","s375","essl","",""
"5656","s376","essl","",""
"5657","s377","essl","",""
"5658","s378","essl","",""
"5659","s379","essl","",""
"5660","s380","essl","",""
"5661","s381","essl","",""
"5662","s382","essl","",""
"5663","s383","essl","",""
"5664","s384","essl","",""
"5665","s385","essl","",""
"5666","s386","essl","",""
"5667","s387","essl","",""
"5668","s388","essl","",""
"5669","s389","essl","",""
"5670","s390","essl","",""
"5671","s391","essl","",""
"5672","s392","essl","",""
"5673","s393","essl","",""
"5674","s394","essl","",""
"5675","s395","essl","",""
"5676","s396","essl","",""
"5677","s397","essl","",""
"5678","s398","essl","",""
"5679","s399","essl","",""
"5684","ch4","essl","",""
"5685","ch5","essl","",""
"5686","ch6","essl","",""
"5687","ch7","essl","",""
"5688","ch8","essl","",""
"5689","ch9","essl","",""
"5691","chcn1","essl","",""
"5692","chcn2","essl","",""
"5694","dh","essl","","HK"
"5695","ch5","freeflow","",""
"5696","ch6","freeflow","",""
"5697","ch7","freeflow","",""
"5698","ch8","freeflow","",""
"5700","s400","essl","",""
"5701","s401","essl","",""
"5702","s402","essl","",""
"5703","s403","essl","",""
"5704","s404","essl","",""
"5705","s405","essl","",""
"5706","s406","essl","",""
"5707","s407","essl","",""
"5708","s408","essl","",""
"5709","s409","essl","",""
"5710","s410","essl","",""
"5711","s411","essl","",""
"5712","s412","essl","",""
"5713","s413","essl","",""
"5714","s414","essl","",""
"5715","s415","essl","",""
"5716","s416","essl","",""
"5717","s417","essl","",""
"5718","s418","essl","",""
"5719","s419","essl","",""
"5720","s420","essl","",""
"5721","s421","essl","",""
"5722","s422","essl","",""
"5723","s423","essl","",""
"5724","s424","essl","",""
"5725","s425","essl","",""
"5726","s426","essl","",""
"5727","s427","essl","",""
"5728","s428","essl","",""
"5729","s429","essl","",""
"5730","s430","essl","",""
"5731","s431","essl","",""
"5732","s432","essl","",""
"5733","s433","essl","",""
"5734","s434","essl","",""
"5735","s435","essl","",""
"5736","s436","essl","",""
"5737","s437","essl","",""
"5738","s438","essl","",""
"5739","s439","essl","",""
"5740","s440","essl","",""
"5741","s441","essl","",""
"5742","s442","essl","",""
"5743","s443","essl","",""
"5744","s444","essl","",""
"5745","s445","essl","",""
"5746","s446","essl","",""
"5747","s447","essl","",""
"5748","s448","essl","",""
"5749","s449","essl","",""
"5750","s450","essl","",""
"5751","s451","essl","",""
"5752","s452","essl","",""
"5753","s453","essl","",""
"5754","s454","essl","",""
"5755","s455","essl","",""
"5756","s456","essl","",""
"5757","s457","essl","",""
"5758","s458","essl","",""
"5759","s459","essl","",""
"5760","s460","essl","",""
"5761","s461","essl","",""
"5762","s462","essl","",""
"5763","s463","essl","",""
"5764","s464","essl","",""
"5765","s465","essl","",""
"5766","s466","essl","",""
"5767","s467","essl","",""
"5768","s468","essl","",""
"5769","s469","essl","",""
"5770","s470","essl","",""
"5771","s471","essl","",""
"5772","s472","essl","",""
"5773","s473","essl","",""
"5774","s474","essl","",""
"5775","s475","essl","",""
"5776","s476","essl","",""
"5777","s477","essl","",""
"5778","s478","essl","",""
"5779","s479","essl","",""
"5780","s480","essl","",""
"5781","s481","essl","",""
"5782","s482","essl","",""
"5783","s483","essl","",""
"5784","s484","essl","",""
"5785","s485","essl","",""
"5786","s486","essl","",""
"5787","s487","essl","",""
"5788","s488","essl","",""
"5789","s489","essl","",""
"5790","s490","essl","",""
"5791","s491","essl","",""
"5792","s492","essl","",""
"5793","s493","essl","",""
"5794","s494","essl","",""
"5795","s495","essl","",""
"5796","s496","essl","",""
"5797","s497","essl","",""
"5798","s498","essl","",""
"5799","s499","essl","",""
"5801","s401","freeflow","",""
"5802","s402","freeflow","",""
"5803","s403","freeflow","",""
"5804","s404","freeflow","",""
"5805","s405","freeflow","",""
"5806","s406","freeflow","",""
"5807","s407","freeflow","",""
"5808","s408","freeflow","",""
"5809","s409","freeflow","",""
"5810","s410","freeflow","",""
"5811","s411","freeflow","",""
"5812","s412","freeflow","",""
"5813","s413","freeflow","",""
"5814","s414","freeflow","",""
"5815","s415","freeflow","",""
"5816","s416","freeflow","",""
"5817","s417","freeflow","",""
"5818","s418","freeflow","",""
"5819","s419","freeflow","",""
"5820","s420","freeflow","",""
"5821","s421","freeflow","",""
"5822","s422","freeflow","",""
"5823","s423","freeflow","",""
"5824","s424","freeflow","",""
"5825","s425","freeflow","",""
"5826","s426","freeflow","",""
"5827","s427","freeflow","",""
"5828","s428","freeflow","",""
"5829","s429","freeflow","",""
"5830","s430","freeflow","",""
"5831","s431","freeflow","",""
"5832","s432","freeflow","",""
"5833","s433","freeflow","",""
"5834","s434","freeflow","",""
"5835","s435","freeflow","",""
"5836","s436","freeflow","",""
"5837","s437","freeflow","",""
"5838","s438","freeflow","",""
"5839","s439","freeflow","",""
"5840","s440","freeflow","",""
"5841","s441","freeflow","",""
"5842","s442","freeflow","",""
"5843","s443","freeflow","",""
"5844","s444","freeflow","",""
"5845","s445","freeflow","",""
"5846","s446","freeflow","",""
"5847","s447","freeflow","",""
"5848","s448","freeflow","",""
"5849","s449","freeflow","",""
"5850","s450","freeflow","",""
"5851","s451","freeflow","",""
"5852","s452","freeflow","",""
"5853","s453","freeflow","",""
"5854","s454","freeflow","",""
"5855","s455","freeflow","",""
"5856","s456","freeflow","",""
"5857","s457","freeflow","",""
"5858","s458","freeflow","",""
"5859","s459","freeflow","",""
"5860","s460","freeflow","",""
"5861","s461","freeflow","",""
"5862","s462","freeflow","",""
"5863","s463","freeflow","",""
"5864","s464","freeflow","",""
"5865","s465","freeflow","",""
"5866","s466","freeflow","",""
"5867","s467","freeflow","",""
"5868","s468","freeflow","",""
"5869","s469","freeflow","",""
"5870","s470","freeflow","",""
"5871","s471","freeflow","",""
"5872","s472","freeflow","",""
"5873","s473","freeflow","",""
"5874","s474","freeflow","",""
"5875","s475","freeflow","",""
"5876","s476","freeflow","",""
"5877","s477","freeflow","",""
"5878","s478","freeflow","",""
"5879","s479","freeflow","",""
"5880","s480","freeflow","",""
"5881","s481","freeflow","",""
"5882","s482","freeflow","",""
"5883","s483","freeflow","",""
"5884","s484","freeflow","",""
"5885","s485","freeflow","",""
"5886","s486","freeflow","",""
"5887","s487","freeflow","",""
"5888","s488","freeflow","",""
"5889","s489","freeflow","",""
"5890","s490","freeflow","",""
"5891","s491","freeflow","",""
"5892","s492","freeflow","",""
"5893","s493","freeflow","",""
"5894","s494","freeflow","",""
"5895","s495","freeflow","",""
"5896","s496","freeflow","",""
"5897","s497","freeflow","",""
"5898","s498","freeflow","",""
"5899","s499","freeflow","",""
"5900","s500","freeflow","",""
"5901","s501","freeflow","",""
"5902","s502","freeflow","",""
"5903","s503","freeflow","",""
"5904","s504","freeflow","",""
"5905","s505","freeflow","",""
"5906","s506","freeflow","",""
"5907","s507","freeflow","",""
"5908","s508","freeflow","",""
"5909","s509","freeflow","",""
"5910","s510","freeflow","",""
"5911","s511","freeflow","",""
"5912","s512","freeflow","",""
"5913","s513","freeflow","",""
"5914","s514","freeflow","",""
"5915","s515","freeflow","",""
"5916","s516","freeflow","",""
"5917","s517","freeflow","",""
"5918","s518","freeflow","",""
"5919","s519","freeflow","",""
"5920","s520","freeflow","",""
"5921","s521","freeflow","",""
"5922","s522","freeflow","",""
"5923","s523","freeflow","",""
"5924","s524","freeflow","",""
"5925","s525","freeflow","",""
"5926","s526","freeflow","",""
"5927","s527","freeflow","",""
"5928","s528","freeflow","",""
"5929","s529","freeflow","",""
"5930","s530","freeflow","",""
"5931","s531","freeflow","",""
"5932","s532","freeflow","",""
"5933","s533","freeflow","",""
"5934","s534","freeflow","",""
"5935","s535","freeflow","",""
"5936","s536","freeflow","",""
"5937","s537","freeflow","",""
"5938","s538","freeflow","",""
"5939","s539","freeflow","",""
"5940","s540","freeflow","",""
"5941","s541","freeflow","",""
"5942","s542","freeflow","",""
"5943","s543","freeflow","",""
"5944","s544","freeflow","",""
"5945","s545","freeflow","",""
"5946","s546","freeflow","",""
"5947","s547","freeflow","",""
"5948","s548","freeflow","",""
"5949","s549","freeflow","",""
"5950","s550","freeflow","",""
"5951","s551","freeflow","",""
"5952","s552","freeflow","",""
"5953","s553","freeflow","",""
"5954","s554","freeflow","",""
"5955","s555","freeflow","",""
"5956","s556","freeflow","",""
"5957","s557","freeflow","",""
"5958","s558","freeflow","",""
"5959","s559","freeflow","",""
"5960","s560","freeflow","",""
"5961","s561","freeflow","",""
"5962","s562","freeflow","",""
"5963","s563","freeflow","",""
"5964","s564","freeflow","",""
"5965","s565","freeflow","",""
"5966","s566","freeflow","",""
"5967","s567","freeflow","",""
"5968","s568","freeflow","",""
"5969","s569","freeflow","",""
"5970","s570","freeflow","",""
"5971","s571","freeflow","",""
"5972","s572","freeflow","",""
"5973","s573","freeflow","",""
"5974","s574","freeflow","",""
"5975","s575","freeflow","",""
"5976","s576","freeflow","",""
"5977","s577","freeflow","",""
"5978","s578","freeflow","",""
"5979","s579","freeflow","",""
"5980","s580","freeflow","",""
"5981","s581","freeflow","",""
"5982","s582","freeflow","",""
"5983","s583","freeflow","",""
"5984","s584","freeflow","",""
"5985","s585","freeflow","",""
"5986","s586","freeflow","",""
"5987","s587","freeflow","",""
"5988","s588","freeflow","",""
"5989","s589","freeflow","",""
"5990","s590","freeflow","",""
"5991","s591","freeflow","",""
"5992","s592","freeflow","",""
"5993","s593","freeflow","",""
"5994","s594","freeflow","",""
"5995","s595","freeflow","",""
"5996","s596","freeflow","",""
"5997","s597","freeflow","",""
"5998","s598","freeflow","",""
"5999","s599","freeflow","",""
"7000","s500","essl","",""
"7001","s501","essl","",""
"7002","s502","essl","",""
"7003","s503","essl","",""
"7004","s504","essl","",""
"7005","s505","essl","",""
"7006","s506","essl","",""
"7007","s507","essl","",""
"7008","s508","essl","",""
"7009","s509","essl","",""
"7010","s510","essl","",""
"7011","s511","essl","",""
"7012","s512","essl","",""
"7013","s513","essl","",""
"7014","s514","essl","",""
"7015","s515","essl","",""
"7016","s516","essl","",""
"7017","s517","essl","",""
"7018","s518","essl","",""
"7019","s519","essl","",""
"7020","s520","essl","",""
"7021","s521","essl","",""
"7022","s522","essl","",""
"7023","s523","essl","",""
"7024","s524","essl","",""
"7025","s525","essl","",""
"7026","s526","essl","",""
"7027","s527","essl","",""
"7028","s528","essl","",""
"7029","s529","essl","",""
"7030","s530","essl","",""
"7031","s531","essl","",""
"7032","s532","essl","",""
"7033","s533","essl","",""
"7034","s534","essl","",""
"7035","s535","essl","",""
"7036","s536","essl","",""
"7037","s537","essl","",""
"7038","s538","essl","",""
"7039","s539","essl","",""
"7040","s540","essl","",""
"7041","s541","essl","",""
"7042","s542","essl","",""
"7043","s543","essl","",""
"7044","s544","essl","",""
"7045","s545","essl","",""
"7046","s546","essl","",""
"7047","s547","essl","",""
"7048","s548","essl","",""
"7049","s549","essl","",""
"7050","s550","essl","",""
"7051","s551","essl","",""
"7052","s552","essl","",""
"7053","s553","essl","",""
"7054","s554","essl","",""
"7055","s555","essl","",""
"7056","s556","essl","",""
"7057","s557","essl","",""
"7058","s558","essl","",""
"7059","s559","essl","",""
"7060","s560","essl","",""
"7061","s561","essl","",""
"7062","s562","essl","",""
"7063","s563","essl","",""
"7064","s564","essl","",""
"7065","s565","essl","",""
"7066","s566","essl","",""
"7067","s567","essl","",""
"7068","s568","essl","",""
"7069","s569","essl","",""
"7070","s570","essl","",""
"7071","s571","essl","",""
"7072","s572","essl","",""
"7073","s573","essl","",""
"7074","s574","essl","",""
"7075","s575","essl","",""
"7076","s576","essl","",""
"7077","s577","essl","",""
"7078","s578","essl","",""
"7079","s579","essl","",""
"7080","s580","essl","",""
"7081","s581","essl","",""
"7082","s582","essl","",""
"7083","s583","essl","",""
"7084","s584","essl","",""
"7085","s585","essl","",""
"7086","s586","essl","",""
"7087","s587","essl","",""
"7088","s588","essl","",""
"7089","s589","essl","",""
"7090","s590","essl","",""
"7091","s591","essl","",""
"7092","s592","essl","",""
"7093","s593","essl","",""
"7094","s594","essl","",""
"7095","s595","essl","",""
"7096","s596","essl","",""
"7097","s597","essl","",""
"7098","s598","essl","",""
"7099","s599","essl","",""
"7100","s600","essl","",""
"7101","s601","essl","",""
"7102","s602","essl","",""
"7103","s603","essl","",""
"7104","s604","essl","",""
"7105","s605","essl","",""
"7106","s606","essl","",""
"7107","s607","essl","",""
"7108","s608","essl","",""
"7109","s609","essl","",""
"7110","s610","essl","",""
"7111","s611","essl","",""
"7112","s612","essl","",""
"7113","s613","essl","",""
"7114","s614","essl","",""
"7115","s615","essl","",""
"7116","s616","essl","",""
"7117","s617","essl","",""
"7118","s618","essl","",""
"7119","s619","essl","",""
"7120","s620","essl","",""
"7121","s621","essl","",""
"7122","s622","essl","",""
"7123","s623","essl","",""
"7124","s624","essl","",""
"7125","s625","essl","",""
"7126","s626","essl","",""
"7127","s627","essl","",""
"7128","s628","essl","",""
"7129","s629","essl","",""
"7130","s630","essl","",""
"7131","s631","essl","",""
"7132","s632","essl","",""
"7133","s633","essl","",""
"7134","s634","essl","",""
"7135","s635","essl","",""
"7136","s636","essl","",""
"7137","s637","essl","",""
"7138","s638","essl","",""
"7139","s639","essl","",""
"7140","s640","essl","",""
"7141","s641","essl","",""
"7142","s642","essl","",""
"7143","s643","essl","",""
"7144","s644","essl","",""
"7145","s645","essl","",""
"7146","s646","essl","",""
"7147","s647","essl","",""
"7148","s648","essl","",""
"7149","s649","essl","",""
"7150","s650","essl","",""
"7151","s651","essl","",""
"7152","s652","essl","",""
"7153","s653","essl","",""
"7154","s654","essl","",""
"7155","s655","essl","",""
"7156","s656","essl","",""
"7157","s657","essl","",""
"7158","s658","essl","",""
"7159","s659","essl","",""
"7160","s660","essl","",""
"7161","s661","essl","",""
"7162","s662","essl","",""
"7163","s663","essl","",""
"7164","s664","essl","",""
"7165","s665","essl","",""
"7166","s666","essl","",""
"7167","s667","essl","",""
"7168","s668","essl","",""
"7169","s669","essl","",""
"7170","s670","essl","",""
"7171","s671","essl","",""
"7172","s672","essl","",""
"7173","s673","essl","",""
"7174","s674","essl","",""
"7175","s675","essl","",""
"7176","s676","essl","",""
"7177","s677","essl","",""
"7178","s678","essl","",""
"7179","s679","essl","",""
"7180","s680","essl","",""
"7181","s681","essl","",""
"7182","s682","essl","",""
"7183","s683","essl","",""
"7184","s684","essl","",""
"7185","s685","essl","",""
"7186","s686","essl","",""
"7187","s687","essl","",""
"7188","s688","essl","",""
"7189","s689","essl","",""
"7190","s690","essl","",""
"7191","s691","essl","",""
"7192","s692","essl","",""
"7193","s693","essl","",""
"7194","s694","essl","",""
"7195","s695","essl","",""
"7196","s696","essl","",""
"7197","s697","essl","",""
"7198","s698","essl","",""
"7199","s699","essl","",""
"7200","s700","essl","",""
"7201","s701","essl","",""
"7202","s702","essl","",""
"7203","s703","essl","",""
"7204","s704","essl","",""
"7205","s705","essl","",""
"7206","s706","essl","",""
"7207","s707","essl","",""
"7208","s708","essl","",""
"7209","s709","essl","",""
"7210","s710","essl","",""
"7211","s711","essl","",""
"7212","s712","essl","",""
"7213","s713","essl","",""
"7214","s714","essl","",""
"7215","s715","essl","",""
"7216","s716","essl","",""
"7217","s717","essl","",""
"7218","s718","essl","",""
"7219","s719","essl","",""
"7220","s720","essl","",""
"7221","s721","essl","",""
"7222","s722","essl","",""
"7223","s723","essl","",""
"7224","s724","essl","",""
"7225","s725","essl","",""
"7226","s726","essl","",""
"7227","s727","essl","",""
"7228","s728","essl","",""
"7229","s729","essl","",""
"7230","s730","essl","",""
"7231","s731","essl","",""
"7232","s732","essl","",""
"7233","s733","essl","",""
"7234","s734","essl","",""
"7235","s735","essl","",""
"7236","s736","essl","",""
"7237","s737","essl","",""
"7238","s738","essl","",""
"7239","s739","essl","",""
"7240","s740","essl","",""
"7241","s741","essl","",""
"7242","s742","essl","",""
"7243","s743","essl","",""
"7244","s744","essl","",""
"7245","s745","essl","",""
"7246","s746","essl","",""
"7247","s747","essl","",""
"7248","s748","essl","",""
"7249","s749","essl","",""
"7250","s750","essl","",""
"7251","s751","essl","",""
"7252","s752","essl","",""
"7253","s753","essl","",""
"7254","s754","essl","",""
"7255","s755","essl","",""
"7256","s756","essl","",""
"7257","s757","essl","",""
"7258","s758","essl","",""
"7259","s759","essl","",""
"7260","s760","essl","",""
"7261","s761","essl","",""
"7262","s762","essl","",""
"7263","s763","essl","",""
"7264","s764","essl","",""
"7265","s765","essl","",""
"7266","s766","essl","",""
"7267","s767","essl","",""
"7268","s768","essl","",""
"7269","s769","essl","",""
"7270","s770","essl","",""
"7271","s771","essl","",""
"7272","s772","essl","",""
"7273","s773","essl","",""
"7274","s774","essl","",""
"7275","s775","essl","",""
"7276","s776","essl","",""
"7277","s777","essl","",""
"7278","s778","essl","",""
"7279","s779","essl","",""
"7280","s780","essl","",""
"7281","s781","essl","",""
"7282","s782","essl","",""
"7283","s783","essl","",""
"7284","s784","essl","",""
"7285","s785","essl","",""
"7286","s786","essl","",""
"7287","s787","essl","",""
"7288","s788","essl","",""
"7289","s789","essl","",""
"7290","s790","essl","",""
"7291","s791","essl","",""
"7292","s792","essl","",""
"7293","s793","essl","",""
"7294","s794","essl","",""
"7295","s795","essl","",""
"7296","s796","essl","",""
"7297","s797","essl","",""
"7298","s798","essl","",""
"7299","s799","essl","",""
"7300","s800","essl","",""
"7301","s801","essl","",""
"7302","s802","essl","",""
"7303","s803","essl","",""
"7304","s804","essl","",""
"7305","s805","essl","",""
"7306","s806","essl","",""
"7307","s807","essl","",""
"7308","s808","essl","",""
"7309","s809","essl","",""
"7310","s810","essl","",""
"7311","s811","essl","",""
"7312","s812","essl","",""
"7313","s813","essl","",""
"7314","s814","essl","",""
"7315","s815","essl","",""
"7316","s816","essl","",""
"7317","s817","essl","",""
"7318","s818","essl","",""
"7319","s819","essl","",""
"7320","s820","essl","",""
"7321","s821","essl","",""
"7322","s822","essl","",""
"7323","s823","essl","",""
"7324","s824","essl","",""
"7325","s825","essl","",""
"7326","s826","essl","",""
"7327","s827","essl","",""
"7328","s828","essl","",""
"7329","s829","essl","",""
"7330","s830","essl","",""
"7331","s831","essl","",""
"7332","s832","essl","",""
"7333","s833","essl","",""
"7334","s834","essl","",""
"7335","s835","essl","",""
"7336","s836","essl","",""
"7337","s837","essl","",""
"7338","s838","essl","",""
"7339","s839","essl","",""
"7340","s840","essl","",""
"7341","s841","essl","",""
"7342","s842","essl","",""
"7343","s843","essl","",""
"7344","s844","essl","",""
"7345","s845","essl","",""
"7346","s846","essl","",""
"7347","s847","essl","",""
"7348","s848","essl","",""
"7349","s849","essl","",""
"7350","s850","essl","",""
"7351","s851","essl","",""
"7352","s852","essl","",""
"7353","s853","essl","",""
"7354","s854","essl","",""
"7355","s855","essl","",""
"7356","s856","essl","",""
"7357","s857","essl","",""
"7358","s858","essl","",""
"7359","s859","essl","",""
"7360","s860","essl","",""
"7361","s861","essl","",""
"7362","s862","essl","",""
"7363","s863","essl","",""
"7364","s864","essl","",""
"7365","s865","essl","",""
"7366","s866","essl","",""
"7367","s867","essl","",""
"7368","s868","essl","",""
"7369","s869","essl","",""
"7370","s870","essl","",""
"7371","s871","essl","",""
"7372","s872","essl","",""
"7373","s873","essl","",""
"7374","s874","essl","",""
"7375","s875","essl","",""
"7376","s876","essl","",""
"7377","s877","essl","",""
"7378","s878","essl","",""
"7379","s879","essl","",""
"7380","s880","essl","",""
"7381","s881","essl","",""
"7382","s882","essl","",""
"7383","s883","essl","",""
"7384","s884","essl","",""
"7385","s885","essl","",""
"7386","s886","essl","",""
"7387","s887","essl","",""
"7388","s888","essl","",""
"7389","s889","essl","",""
"7390","s890","essl","",""
"7391","s891","essl","",""
"7392","s892","essl","",""
"7393","s893","essl","",""
"7394","s894","essl","",""
"7395","s895","essl","",""
"7396","s896","essl","",""
"7397","s897","essl","",""
"7398","s898","essl","",""
"7399","s899","essl","",""
"7400","pch3","essl","",""
"7401","ig1","essl","IN",""
"7402","ig2","essl","",""
"7403","ig3","essl","US",""
"7404","ig4","essl","EU",""
"7405","ig5","essl","",""
"7406","ig6","essl","",""
"7407","ig7","essl","",""
"7408","ig8","essl","",""
"7409","ig9","essl","",""
"7415","ig15","essl","EU_V1",""
"7601","ch601","freeflow","","RU"
"7602","ch602","freeflow","",""
"7603","ch603","freeflow","",""
"7604","ch604","freeflow","",""
"7605","ch605","freeflow","",""
"7606","ch606","freeflow","",""
"7607","ch607","freeflow","",""
"7608","ch608","freeflow","",""
"7609","ch609","freeflow","",""
"7610","ch610","freeflow","",""
"7611","ch611","freeflow","",""
"7612","ch612","freeflow","",""
"7613","ch613","freeflow","",""
"7614","ch614","freeflow","",""
"7615","ch615","freeflow","",""
"7616","ch616","freeflow","",""
"7617","ch617","freeflow","",""
"7618","ch618","freeflow","",""
"7619","ch619","freeflow","",""
"7620","ch620","freeflow","",""
"7621","ch621","freeflow","",""
"7622","ch622","freeflow","",""
"7623","ch623","freeflow","",""
"7624","ch624","freeflow","",""
"7625","ch625","freeflow","",""
"7626","ch626","freeflow","",""
"7627","ch627","freeflow","",""
"7628","ch628","freeflow","",""
"7629","ch629","freeflow","",""
"7630","ch630","freeflow","",""
"7631","ch631","freeflow","",""
"7632","ch632","freeflow","",""
"7633","ch633","freeflow","",""
"7634","ch634","freeflow","",""
"7635","ch635","freeflow","",""
"7636","ch636","freeflow","",""
"7637","ch637","freeflow","",""
"7638","ch638","freeflow","",""
"7639","ch639","freeflow","",""
"7640","ch640","freeflow","",""
"7641","ch641","freeflow","",""
"7642","ch642","freeflow","",""
"7643","ch643","freeflow","",""
"7644","ch644","freeflow","",""
"7645","ch645","freeflow","",""
"7646","ch646","freeflow","",""
"7647","ch647","freeflow","",""
"7648","ch648","freeflow","",""
"7649","ch649","freeflow","",""
"7650","ch650","freeflow","",""
"7651","ch651","freeflow","",""
"7652","ch652","freeflow","",""
"7653","ch653","freeflow","",""
"7654","ch654","freeflow","",""
"7655","ch655","freeflow","",""
"7656","ch656","freeflow","",""
"7657","ch657","freeflow","",""
"7658","ch658","freeflow","",""
"7659","ch659","freeflow","",""
"7660","ch660","freeflow","",""
"7661","ch661","freeflow","",""
"7662","ch662","freeflow","",""
"7663","ch663","freeflow","",""
"7664","ch664","freeflow","",""
"7665","ch665","freeflow","",""
"7666","ch666","freeflow","",""
"7667","ch667","freeflow","",""
"7668","ch668","freeflow","",""
"7669","ch669","freeflow","",""
"7670","ch670","freeflow","",""
"7671","ch671","freeflow","",""
"7672","ch672","freeflow","",""
"7673","ch673","freeflow","",""
"7674","ch674","freeflow","",""
"7675","ch675","freeflow","",""
"7676","ch676","freeflow","",""
"7677","ch677","freeflow","",""
"7678","ch678","freeflow","",""
"7679","ch679","freeflow","",""
"7680","ch680","freeflow","",""
"7681","ch681","freeflow","",""
"7682","ch682","freeflow","",""
"7683","ch683","freeflow","",""
"7684","ch684","freeflow","",""
"7685","ch685","freeflow","",""
"7686","ch686","freeflow","",""
"7687","ch687","freeflow","",""
"7688","ch688","freeflow","",""
"7689","ch689","freeflow","",""
"7690","ch690","freeflow","",""
"7691","ch691","freeflow","",""
"7692","ch692","freeflow","",""
"7693","ch693","freeflow","",""
"7694","ch694","freeflow","",""
"7695","ch695","freeflow","",""
"7696","ch696","freeflow","",""
"7697","ch697","freeflow","",""
"7698","ch698","freeflow","",""
"7699","ch699","freeflow","",""
"7900","ch900","freeflow","",""
"7901","ch901","freeflow","",""
"7902","ch902","freeflow","",""
"7903","ch903","freeflow","",""
"7904","ch904","freeflow","",""
"7910","ch910","freeflow","",""
"7911","ch911","freeflow","",""
"7912","ch912","freeflow","",""
"7913","ch913","freeflow","",""
"7914","ch914","freeflow","",""
"7915","ch915","freeflow","",""
"7916","ch916","freeflow","",""
"7917","ch917","freeflow","",""
"7918","ch918","freeflow","",""
"7919","ch919","freeflow","",""
"7920","ch920","freeflow","",""
"7921","ch921","freeflow","",""
"7922","ch922","freeflow","",""
"7923","ch923","freeflow","",""
"7924","ch924","freeflow","",""
"7925","ch925","freeflow","",""
"7926","ch926","freeflow","",""
"7927","ch927","freeflow","",""
"7928","ch928","freeflow","",""
"7929","ch929","freeflow","",""
"7930","ch930","freeflow","",""
"7931","ch931","freeflow","",""
"7932","ch932","freeflow","",""
"7933","ch933","freeflow","",""
"7934","ch934","freeflow","",""
"7935","ch935","freeflow","",""
"7936","ch936","freeflow","",""
"7937","ch937","freeflow","",""
"7938","ch938","freeflow","",""
"7939","ch939","freeflow","",""
"7940","ch940","freeflow","",""
"7941","ch941","freeflow","",""
"7942","ch942","freeflow","",""
"7943","ch943","freeflow","",""
"7944","ch944","freeflow","",""
"7945","ch945","freeflow","",""
"7946","ch946","freeflow","",""
"7947","ch947","freeflow","",""
"7948","ch948","freeflow","",""
"7949","ch949","freeflow","",""
"7950","ch950","freeflow","",""
"7951","ch951","freeflow","",""
"7952","ch952","freeflow","",""
"7953","ch953","freeflow","",""
"7954","ch954","freeflow","",""
"7955","ch955","freeflow","",""
"7956","ch956","freeflow","",""
"7957","ch957","freeflow","",""
"7959","ch959","freeflow","",""
"7960","ch960","freeflow","",""
"7961","ch961","freeflow","",""
"7962","ch962","freeflow","",""
"7963","ch963","freeflow","",""
"7964","ch964","freeflow","",""
"7965","ch965","freeflow","",""
"7966","ch966","freeflow","",""
"7967","ch967","freeflow","",""
"7968","ch968","freeflow","",""
"7969","ch969","freeflow","",""
"7970","ch970","freeflow","",""
"7971","ch971","freeflow","",""
"7972","ch972","freeflow","",""
"7973","ch973","freeflow","",""
"7974","ch974","freeflow","",""
"7975","ch975","freeflow","",""
"7976","ch976","freeflow","",""
"8210","ch1210","freeflow","",""
"8211","ch1211","freeflow","",""
"8212","ch1212","freeflow","",""
"8213","ch1213","freeflow","",""
"8214","ch1214","freeflow","",""
"8215","ch1215","freeflow","",""
"8601","ig1s","essl","IN",""
"8615","i6ig15s","essl","EU_V1",""
"8650","i6api1s","essl","",""
"8651","i6api2s","essl","",""
"8652","i6api3s","essl","",""
"8653","i6api4s","essl","",""
"8654","i6api5s","essl","",""
"8655","i6api6s","essl","",""
"8656","i6api7s","essl","",""
"8657","i6api8s","essl","",""
"8658","i6api9s","essl","",""
"8659","i6api10s","essl","",""
"8660","i6api11s","essl","",""
"8661","i6api12s","essl","",""
"8662","i6api13s","essl","",""
"8663","i6api14s","essl","",""
"8664","i6api15s","essl","",""
"8701","i6ig1","essl","IN",""
"8703","i6ig3","essl","US",""
"8704","i6ig4","essl","EU",""
"8705","i6ig5","essl","",""
"8706","i6ig6","essl","",""
"8707","i6ig7","essl","",""
"8709","i6ig9","essl","",""
"8715","i6ig15","essl","EU_V1",""
"8801","dscig1","essl","",""
"8815","dscig15","essl","",""
"8901","i6ig1s","essl","IN",""
"8915","ig15s","essl","EU_V1",""
"9001","i6ca2","essl","",""
"9005","i6m","essl","",""
"9012","i6e12","essl","",""
"9014","i6e14","essl","",""
"9015","i6e15","essl","",""
"9016","i6e16","essl","",""
"9017","i6e17","essl","",""
"9021","i6e21","essl","",""
"9022","i6e22","essl","",""
"9027","i6e27","essl","",""
"9028","i6e28","essl","",""
"9029","i6e29","essl","",""
"9032","i6e32","essl","SA_EU",""
"9037","i6b2","essl","SA_PLUS",""
"9038","i6b3","essl","TR_PLUS",""
"9040","q","essl","",""
"9041","qs","essl","",""
"9042","i6q","essl","",""
"9043","i6c4","essl","AE_PLUS",""
"9050","i6cc","freeflow","EU_V1",""
"9056","i6cj","freeflow","",""
"9057","i6ck","freeflow","",""
"9059","i6cn2","freeflow","",""
"9060","i6co","freeflow","",""
"9066","i6t","freeflow","",""
"9067","i6us","freeflow","",""
"9068","i6usd","freeflow","",""
"9069","i6v","freeflow","",""
"9074","i6z","freeflow","",""
"9077","i6w4","freeflow","EU",""
"9080","i6w13","freeflow","","RU"
"9081","i6w14","freeflow","",""
"9083","i6w19","freeflow","",""
"9086","i6w22","freeflow","",""
"9087","i6w25","freeflow","",""
"9089","i6w27","freeflow","",""
"9090","i6w28","freeflow","","DIS_EXCL"
"9091","i6w29","freeflow","EU",""
"9092","i6w38","freeflow","","TW"
"9093","i6w39","freeflow","",""
"9094","i6w44","freeflow","","RU"
"9095","i6w45","freeflow","","RU"
"9098","i6w48","freeflow","",""
"9103","i6w53","freeflow","",""
"9104","i6w54","freeflow","",""
"9106","i6w56","freeflow","",""
"9109","i6w59","freeflow","",""
"9110","i6w60","freeflow","",""
"9111","i6w61","freeflow","",""
"9113","i6w63","freeflow","","DIS_EXCL"
"9115","i6w65","freeflow","",""
"9116","i6w66","freeflow","",""
"9117","i6w67","freeflow","",""
"9118","i6w68","freeflow","",""
"9119","i6w69","freeflow","",""
"9123","i6w73","freeflow","",""
"9124","i6w74","freeflow","","IN"
"9125","i6w75","freeflow","",""
"9126","i6w76","freeflow","",""
"9128","i6w78","freeflow","",""
"9129","i6w79","freeflow","",""
"9130","i6w80","freeflow","",""
"9131","i6w81","freeflow","",""
"9133","i6w83","freeflow","",""
"9135","i6w85","freeflow","",""
"9136","i6w86","freeflow","",""
"9137","i6w87","freeflow","",""
"9138","i6w88","freeflow","",""
"9139","i6w89","freeflow","",""
"9140","i6w90","freeflow","",""
"9141","i6w91","freeflow","",""
"9142","i6w92","freeflow","",""
"9143","i6w93","freeflow","",""
"9144","i6w94","freeflow","",""
"9145","i6w95","freeflow","",""
"9146","i6w96","freeflow","",""
"9147","i6w97","freeflow","",""
"9149","i6w99","freeflow","",""
"9150","i6w100","freeflow","",""
"9187","xbc","mts","",""
"9191","xbc01","mts","",""
"9193","xbc03","mts","",""
"9201","dscca2","essl","",""
"9205","dscm","essl","",""
"9212","dsce12","essl","",""
"9214","dsce14","essl","",""
"9215","dsce15","essl","",""
"9216","dsce16","essl","",""
"9217","dsce17","essl","",""
"9221","dsce21","essl","",""
"9222","dsce22","essl","",""
"9227","dsce27","essl","",""
"9228","dsce28","essl","",""
"9229","dsce29","essl","",""
"9236","dscb1","essl","",""
"9237","e17s","essl","",""
"9239","e36s","essl","",""
"9243","cd1","essl","",""
"9244","cd2","essl","",""
"9257","dscck","freeflow","",""
"9259","dsccn2","freeflow","",""
"9260","dscco","freeflow","",""
"9266","dsct","freeflow","",""
"9267","dscus","freeflow","",""
"9268","dscusd","freeflow","",""
"9269","dscv","freeflow","",""
"9274","dscz","freeflow","",""
"9277","dscw4","freeflow","",""
"9280","dscw13","freeflow","",""
"9281","dscw14","freeflow","",""
"9283","dscw19","freeflow","",""
"9286","dscw22","freeflow","",""
"9287","dscw25","freeflow","",""
"9289","dscw27","freeflow","",""
"9290","dscw28","freeflow","","DIS_EXCL"
"9291","dscw29","freeflow","",""
"9292","dscw38","freeflow","",""
"9293","dscw39","freeflow","",""
"9294","dscw44","freeflow","",""
"9295","dscw45","freeflow","",""
"9298","dscw48","freeflow","",""
"9303","dscw53","freeflow","",""
"9304","dscw54","freeflow","",""
"9306","dscw56","freeflow","",""
"9309","dscw59","freeflow","",""
"9310","dscw60","freeflow","",""
"9311","dscw61","freeflow","",""
"9313","dscw63","freeflow","",""
"9315","dscw65","freeflow","",""
"9316","dscw66","freeflow","",""
"9317","dscw67","freeflow","",""
"9318","dscw68","freeflow","",""
"9319","dscw69","freeflow","",""
"9323","dscw73","freeflow","",""
"9324","dscw74","freeflow","",""
"9325","dscw75","freeflow","",""
"9326","dscw76","freeflow","",""
"9328","dscw78","freeflow","",""
"9329","dscw79","freeflow","",""
"9330","dscw80","freeflow","",""
"9331","dscw81","freeflow","",""
"9333","dscw83","freeflow","",""
"9335","dscw85","freeflow","",""
"9336","dscw86","freeflow","",""
"9337","dscw87","freeflow","",""
"9338","dscw88","freeflow","",""
"9339","dscw89","freeflow","",""
"9340","dscw90","freeflow","",""
"9341","dscw91","freeflow","",""
"9342","dscw92","freeflow","",""
"9343","dscw93","freeflow","",""
"9344","dscw94","freeflow","",""
"9345","dscw95","freeflow","",""
"9346","dscw96","freeflow","",""
"9347","dscw97","freeflow","",""
"9349","dscw99","freeflow","",""
"9350","dscw100","freeflow","",""
"9368","i6e36s","essl","",""
"9369","ade","essl","CONUS",""
"9370","i6ade","essl","CONUS",""
"9372","nev2","nevada","",""
"9373","nev3","nevada","",""
"9374","nev4","nevada","",""
"9375","nev5","nevada","",""
"9376","nev6","nevada","",""
"9377","nev7","nevada","",""
"9378","nev8","nevada","",""
"9379","nev9","nevada","",""
"9380","nev10","nevada","",""
"9382","i6nev2","nevada","",""
"9383","i6nev3","nevada","",""
"9384","i6nev4","nevada","",""
"9385","i6nev5","nevada","",""
"9386","i6nev6","nevada","",""
"9387","i6nev7","nevada","",""
"9388","i6nev8","nevada","",""
"9389","i6nev9","nevada","",""
"9390","i6nev10","nevada","",""
"9392","dscnev2","nevada","",""
"9393","dscnev3","nevada","",""
"9394","dscnev4","nevada","",""
"9395","dscnev5","nevada","",""
"9396","dscnev6","nevada","",""
"9397","dscnev7","nevada","",""
"9398","dscnev8","nevada","",""
"9399","dscnev9","nevada","",""
"9400","dscnev10","nevada","",""
"9437","bw","essl","",""
"9438","gw","essl","",""
"9440","bg1","essl","",""
"9441","bg2","essl","",""
"9442","gg1","essl","",""
"9443","gg2","essl","",""
"9444","u","essl","",""
"9445","us","essl","",""
"9446","dscu","essl","",""
"9447","i6u","essl","",""
"9448","i6us","essl","",""
"9515","dspw65","freeflow","",""
"9523","i6e73s","essl","",""
"9602","agw1","essl","",""
"9603","agw2","essl","",""
"9611","bgw1","essl","",""
"9612","bgw2","essl","",""
"9621","ggw1","essl","",""
"9622","ggw2","essl","",""
"9631","b5","essl","",""
"9632","b6","essl","",""
"9633","b7","essl","",""
"9636","b1","essl","",""
"9637","b2","essl","SA_PLUS",""
"9638","b3","essl","TR_PLUS",""
"9639","b4","essl","",""
"9643","c4","essl","AE_PLUS",""
"9644","g1","essl","",""
"9645","g2","essl","",""
"9646","g3","essl","",""
"9647","g4","essl","",""
"9650","ch10","freeflow","",""
"9651","ch11","freeflow","",""
"9652","ch12","freeflow","",""
"9658","ch18","freeflow","",""
"9660","ch10","essl","",""
"9661","ch11","essl","",""
"9662","ch12","essl","","RU"
"9663","ch13","essl","",""
"9664","ch14","essl","",""
"9665","ch15","essl","",""
"9666","ch16","essl","",""
"9667","ch17","essl","",""
"9668","ch18","essl","",""
"9669","ch19","essl","",""
"9678","x1","essl","",""
"9680","xw","essl","",""
"9683","a2","essl","",""
"9690","d1","essl","",""
"9691","d2","essl","",""
"9710","cl","essl","",""
"9711","cl1","essl","",""
"9714","xgw1","essl","",""
"9715","xgw2","essl","",""
"9724","bgdwa1","essl","",""
"9734","agdwa1","essl","",""
"9744","ggdwa1","essl","",""
"9754","xgdwa1","essl","",""
"9867","e107s","essl","",""
"9961","e14s","essl","",""
"9962","e15s","essl","",""
"9965","s2800","essl","",""
"9966","s2801","essl","",""
"9967","s2802","essl","",""
"9968","s2803","essl","",""
"9969","s2804","essl","",""
"9970","s2805","essl","",""
"9971","s2806","essl","",""
"9972","s2807","essl","",""
"9973","s2808","essl","",""
"9974","s2809","essl","",""
"9975","s2810","essl","",""
"9976","s2811","essl","",""
"9977","s2812","essl","",""
"9978","s2813","essl","",""
"9979","s2814","essl","",""
"9980","s2815","essl","",""
"9981","s2816","essl","",""
"9982","s2817","essl","",""
"9983","s2818","essl","",""
"9984","s2819","essl","",""
"9985","s2820","essl","",""
"9986","s2821","essl","",""
"9987","s2822","essl","",""
"9988","s2823","essl","",""
"9989","s2824","essl","",""
"9990","s2825","essl","",""
"9991","s2826","essl","",""
"9992","s2827","essl","",""
"9993","s2828","essl","",""
"9994","s2829","essl","",""
"9995","s2830","essl","",""
"9996","s2831","essl","",""
"9997","s2832","essl","",""
"9998","s2833","essl","",""
"9999","s2834","essl","",""
"10000","s600","freeflow","",""
"10001","s601","freeflow","",""
"10002","s602","freeflow","",""
"10003","s603","freeflow","",""
"10004","s604","freeflow","",""
"10005","s605","freeflow","",""
"10006","s606","freeflow","",""
"10007","s607","freeflow","",""
"10008","s608","freeflow","",""
"10009","s609","freeflow","",""
"10010","s610","freeflow","",""
"10011","s611","freeflow","",""
"10012","s612","freeflow","",""
"10013","s613","freeflow","",""
"10014","s614","freeflow","",""
"10015","s615","freeflow","",""
"10016","s616","freeflow","",""
"10017","s617","freeflow","",""
"10018","s618","freeflow","",""
"10019","s619","freeflow","",""
"10020","s620","freeflow","",""
"10021","s621","freeflow","",""
"10022","s622","freeflow","",""
"10023","s623","freeflow","",""
"10024","s624","freeflow","",""
"10025","s625","freeflow","",""
"10026","s626","freeflow","",""
"10027","s627","freeflow","",""
"10028","s628","freeflow","",""
"10029","s629","freeflow","",""
"10030","s630","freeflow","",""
"10031","s631","freeflow","",""
"10032","s632","freeflow","",""
"10033","s633","freeflow","",""
"10034","s634","freeflow","",""
"10035","s635","freeflow","",""
"10036","s636","freeflow","",""
"10037","s637","freeflow","",""
"10038","s638","freeflow","",""
"10039","s639","freeflow","",""
"10040","s640","freeflow","",""
"10041","s641","freeflow","",""
"10042","s642","freeflow","",""
"10043","s643","freeflow","",""
"10044","s644","freeflow","",""
"10045","s645","freeflow","",""
"10046","s646","freeflow","",""
"10047","s647","freeflow","",""
"10048","s648","freeflow","",""
"10049","s649","freeflow","",""
"10050","s650","freeflow","",""
"10051","s651","freeflow","",""
"10052","s652","freeflow","",""
"10053","s653","freeflow","",""
"10054","s654","freeflow","",""
"10055","s655","freeflow","",""
"10056","s656","freeflow","",""
"10057","s657","freeflow","",""
"10058","s658","freeflow","",""
"10059","s659","freeflow","",""
"10060","s660","freeflow","",""
"10061","s661","freeflow","",""
"10062","s662","freeflow","",""
"10063","s663","freeflow","",""
"10064","s664","freeflow","",""
"10065","s665","freeflow","",""
"10066","s666","freeflow","",""
"10067","s667","freeflow","",""
"10068","s668","freeflow","",""
"10069","s669","freeflow","",""
"10070","s670","freeflow","",""
"10071","s671","freeflow","",""
"10072","s672","freeflow","",""
"10073","s673","freeflow","",""
"10074","s674","freeflow","",""
"10075","s675","freeflow","",""
"10076","s676","freeflow","",""
"10077","s677","freeflow","",""
"10078","s678","freeflow","",""
"10079","s679","freeflow","",""
"10080","s680","freeflow","",""
"10081","s681","freeflow","",""
"10082","s682","freeflow","",""
"10083","s683","freeflow","",""
"10084","s684","freeflow","",""
"10085","s685","freeflow","",""
"10086","s686","freeflow","",""
"10087","s687","freeflow","",""
"10088","s688","freeflow","",""
"10089","s689","freeflow","",""
"10090","s690","freeflow","",""
"10091","s691","freeflow","",""
"10092","s692","freeflow","",""
"10093","s693","freeflow","",""
"10094","s694","freeflow","",""
"10095","s695","freeflow","",""
"10096","s696","freeflow","",""
"10097","s697","freeflow","",""
"10098","s698","freeflow","",""
"10099","s699","freeflow","",""
"10100","s700","freeflow","",""
"10101","s701","freeflow","",""
"10102","s702","freeflow","",""
"10103","s703","freeflow","",""
"10104","s704","freeflow","",""
"10105","s705","freeflow","",""
"10106","s706","freeflow","",""
"10107","s707","freeflow","",""
"10108","s708","freeflow","",""
"10109","s709","freeflow","",""
"10110","s710","freeflow","",""
"10111","s711","freeflow","",""
"10112","s712","freeflow","",""
"10113","s713","freeflow","",""
"10114","s714","freeflow","",""
"10115","s715","freeflow","",""
"10116","s716","freeflow","",""
"10117","s717","freeflow","",""
"10118","s718","freeflow","",""
"10119","s719","freeflow","",""
"10120","s720","freeflow","",""
"10121","s721","freeflow","",""
"10122","s722","freeflow","",""
"10123","s723","freeflow","",""
"10124","s724","freeflow","",""
"10125","s725","freeflow","",""
"10126","s726","freeflow","",""
"10127","s727","freeflow","",""
"10128","s728","freeflow","",""
"10129","s729","freeflow","",""
"10130","s730","freeflow","",""
"10131","s731","freeflow","",""
"10132","s732","freeflow","",""
"10133","s733","freeflow","",""
"10134","s734","freeflow","",""
"10135","s735","freeflow","",""
"10136","s736","freeflow","",""
"10137","s737","freeflow","",""
"10138","s738","freeflow","",""
"10139","s739","freeflow","",""
"10140","s740","freeflow","",""
"10141","s741","freeflow","",""
"10142","s742","freeflow","",""
"10143","s743","freeflow","",""
"10144","s744","freeflow","",""
"10145","s745","freeflow","",""
"10146","s746","freeflow","",""
"10147","s747","freeflow","",""
"10148","s748","freeflow","",""
"10149","s749","freeflow","",""
"10150","s750","freeflow","",""
"10151","s751","freeflow","",""
"10152","s752","freeflow","",""
"10153","s753","freeflow","",""
"10154","s754","freeflow","",""
"10155","s755","freeflow","",""
"10156","s756","freeflow","",""
"10157","s757","freeflow","",""
"10158","s758","freeflow","",""
"10159","s759","freeflow","",""
"10160","s760","freeflow","",""
"10161","s761","freeflow","",""
"10162","s762","freeflow","",""
"10163","s763","freeflow","",""
"10164","s764","freeflow","",""
"10165","s765","freeflow","",""
"10166","s766","freeflow","",""
"10167","s767","freeflow","",""
"10168","s768","freeflow","",""
"10169","s769","freeflow","",""
"10170","s770","freeflow","",""
"10171","s771","freeflow","",""
"10172","s772","freeflow","",""
"10173","s773","freeflow","",""
"10174","s774","freeflow","",""
"10175","s775","freeflow","",""
"10176","s776","freeflow","",""
"10177","s777","freeflow","",""
"10178","s778","freeflow","",""
"10179","s779","freeflow","",""
"10180","s780","freeflow","",""
"10181","s781","freeflow","",""
"10182","s782","freeflow","",""
"10183","s783","freeflow","",""
"10184","s784","freeflow","",""
"10185","s785","freeflow","",""
"10186","s786","freeflow","",""
"10187","s787","freeflow","",""
"10188","s788","freeflow","",""
"10189","s789","freeflow","",""
"10190","s790","freeflow","",""
"10191","s791","freeflow","",""
"10192","s792","freeflow","",""
"10193","s793","freeflow","",""
"10194","s794","freeflow","",""
"10195","s795","freeflow","",""
"10196","s796","freeflow","",""
"10197","s797","freeflow","",""
"10198","s798","freeflow","",""
"10199","s799","freeflow","",""
"10200","s800","freeflow","",""
"10201","s801","freeflow","",""
"10202","s802","freeflow","",""
"10203","s803","freeflow","",""
"10204","s804","freeflow","",""
"10205","s805","freeflow","",""
"10206","s806","freeflow","",""
"10207","s807","freeflow","",""
"10208","s808","freeflow","",""
"10209","s809","freeflow","",""
"10210","s810","freeflow","",""
"10211","s811","freeflow","",""
"10212","s812","freeflow","",""
"10213","s813","freeflow","",""
"10214","s814","freeflow","",""
"10215","s815","freeflow","",""
"10216","s816","freeflow","",""
"10217","s817","freeflow","",""
"10218","s818","freeflow","",""
"10219","s819","freeflow","",""
"10220","s820","freeflow","",""
"10221","s821","freeflow","",""
"10222","s822","freeflow","",""
"10223","s823","freeflow","",""
"10224","s824","freeflow","",""
"10225","s825","freeflow","",""
"10226","s826","freeflow","",""
"10227","s827","freeflow","",""
"10228","s828","freeflow","",""
"10229","s829","freeflow","",""
"10230","s830","freeflow","",""
"10231","s831","freeflow","",""
"10232","s832","freeflow","",""
"10233","s833","freeflow","",""
"10234","s834","freeflow","",""
"10235","s835","freeflow","",""
"10236","s836","freeflow","",""
"10237","s837","freeflow","",""
"10238","s838","freeflow","",""
"10239","s839","freeflow","",""
"10240","s840","freeflow","",""
"10241","s841","freeflow","",""
"10242","s842","freeflow","",""
"10243","s843","freeflow","",""
"10244","s844","freeflow","",""
"10245","s845","freeflow","",""
"10246","s846","freeflow","",""
"10247","s847","freeflow","",""
"10248","s848","freeflow","",""
"10249","s849","freeflow","",""
"10250","s850","freeflow","",""
"10251","s851","freeflow","",""
"10252","s852","freeflow","",""
"10253","s853","freeflow","",""
"10254","s854","freeflow","",""
"10255","s855","freeflow","",""
"10256","s856","freeflow","",""
"10257","s857","freeflow","",""
"10258","s858","freeflow","",""
"10259","s859","freeflow","",""
"10260","s860","freeflow","",""
"10280","s2835","essl","",""
"10281","s2836","essl","",""
"10282","s2837","essl","",""
"10283","s2838","essl","",""
"10284","s2839","essl","",""
"10285","s2840","essl","",""
"10286","s2841","essl","",""
"10287","s2842","essl","",""
"10288","s2843","essl","",""
"10289","s2844","essl","",""
"10290","s2845","essl","",""
"10291","s2846","essl","",""
"10292","s2847","essl","",""
"10293","s2848","essl","",""
"10294","s2849","essl","",""
"10295","s2850","essl","",""
"10296","s2851","essl","",""
"10297","s2852","essl","",""
"10298","s2853","essl","",""
"10299","s2854","essl","",""
"10300","s2855","essl","",""
"10301","s2856","essl","",""
"10302","s2857","essl","",""
"10303","s2858","essl","",""
"10304","s2859","essl","",""
"10305","s2860","essl","",""
"10306","s2861","essl","",""
"10307","s2862","essl","",""
"10308","s2863","essl","",""
"10309","s2864","essl","",""
"10310","s2865","essl","",""
"10311","s2866","essl","",""
"10312","s2867","essl","",""
"10313","s2868","essl","",""
"10314","s2869","essl","",""
"10315","s2870","essl","",""
"10316","s2871","essl","",""
"10317","s2872","essl","",""
"10318","s2873","essl","",""
"10319","s2874","essl","",""
"10320","s2875","essl","",""
"10321","s2876","essl","",""
"10322","s2877","essl","",""
"10323","s2878","essl","",""
"10324","s2879","essl","",""
"10325","s2880","essl","",""
"10326","s2881","essl","",""
"10327","s2882","essl","",""
"10328","s2883","essl","",""
"10329","s2884","essl","",""
"10330","s2885","essl","",""
"10331","s2886","essl","",""
"10332","s2887","essl","",""
"10333","s2888","essl","",""
"10334","s2889","essl","",""
"10335","s2890","essl","",""
"10336","s2891","essl","",""
"10337","s2892","essl","",""
"10338","s2893","essl","",""
"10339","s2894","essl","",""
"10340","s2895","essl","",""
"10341","s2896","essl","",""
"10342","s2897","essl","",""
"10343","s2898","essl","",""
"10344","s2899","essl","",""
"10345","s2900","essl","",""
"10346","s2901","essl","",""
"10347","s2902","essl","",""
"10348","s2903","essl","",""
"10349","s2904","essl","",""
"10350","s2905","essl","",""
"10351","s2906","essl","",""
"10352","s2907","essl","",""
"10353","s2908","essl","",""
"10354","s2909","essl","",""
"10355","s2910","essl","",""
"10356","s2911","essl","",""
"10357","s2912","essl","",""
"10358","s2913","essl","",""
"10359","s2914","essl","",""
"10360","s2915","essl","",""
"10361","s2916","essl","",""
"10362","s2917","essl","",""
"10363","s2918","essl","",""
"10364","s2919","essl","",""
"10365","s2920","essl","",""
"10366","s2921","essl","",""
"10367","s2922","essl","",""
"10368","s2923","essl","",""
"10369","s2924","essl","",""
"10370","s2925","essl","",""
"10371","s2926","essl","",""
"10372","s2927","essl","",""
"10373","s2928","essl","",""
"10374","s2929","essl","",""
"10375","s2930","essl","",""
"10376","s2931","essl","",""
"10377","s2932","essl","",""
"10378","s2933","essl","",""
"10379","s2934","essl","",""
"10380","s2935","essl","",""
"10381","s2936","essl","",""
"10382","s2937","essl","",""
"10383","s2938","essl","",""
"10384","s2939","essl","",""
"10385","s2940","essl","",""
"10386","s2941","essl","",""
"10387","s2942","essl","",""
"10388","s2943","essl","",""
"10389","s2944","essl","",""
"10390","s2945","essl","",""
"10391","s2946","essl","",""
"10392","s2947","essl","",""
"10393","s2948","essl","",""
"10394","s2949","essl","",""
"10395","s2950","essl","",""
"10396","s2951","essl","",""
"10397","s2952","essl","",""
"10398","s2953","essl","",""
"10399","s2954","essl","",""
"10400","s900","essl","",""
"10401","s901","essl","",""
"10402","s902","essl","",""
"10403","s903","essl","",""
"10404","s904","essl","",""
"10405","s905","essl","",""
"10406","s906","essl","",""
"10407","s907","essl","",""
"10408","s908","essl","",""
"10409","s909","essl","",""
"10410","s910","essl","",""
"10411","s911","essl","",""
"10412","s912","essl","",""
"10413","s913","essl","",""
"10414","s914","essl","",""
"10415","s915","essl","",""
"10416","s916","essl","",""
"10417","s917","essl","",""
"10418","s918","essl","",""
"10419","s919","essl","",""
"10420","s920","essl","",""
"10421","s921","essl","",""
"10422","s922","essl","",""
"10423","s923","essl","",""
"10424","s924","essl","",""
"10425","s925","essl","",""
"10426","s926","essl","",""
"10427","s927","essl","",""
"10428","s928","essl","",""
"10429","s929","essl","",""
"10430","s930","essl","",""
"10431","s931","essl","",""
"10432","s932","essl","",""
"10433","s933","essl","",""
"10434","s934","essl","",""
"10435","s935","essl","",""
"10436","s936","essl","",""
"10437","s937","essl","",""
"10438","s938","essl","",""
"10439","s939","essl","",""
"10440","s940","essl","",""
"10441","s941","essl","",""
"10442","s942","essl","",""
"10443","s943","essl","",""
"10444","s944","essl","",""
"10445","s945","essl","",""
"10446","s946","essl","",""
"10447","s947","essl","",""
"10448","s948","essl","",""
"10449","s949","essl","",""
"10450","s950","essl","",""
"10451","s951","essl","",""
"10452","s952","essl","",""
"10453","s953","essl","",""
"10454","s954","essl","",""
"10455","s955","essl","",""
"10456","s956","essl","",""
"10457","s957","essl","",""
"10458","s958","essl","",""
"10459","s959","essl","",""
"10460","s960","essl","",""
"10461","s961","essl","",""
"10462","s962","essl","",""
"10463","s963","essl","",""
"10464","s964","essl","",""
"10465","s965","essl","",""
"10466","s966","essl","",""
"10467","s967","essl","",""
"10468","s968","essl","",""
"10469","s969","essl","",""
"10470","s970","essl","",""
"10471","s971","essl","",""
"10472","s972","essl","",""
"10473","s973","essl","",""
"10474","s974","essl","",""
"10475","s975","essl","",""
"10476","s976","essl","",""
"10477","s977","essl","",""
"10478","s978","essl","",""
"10479","s979","essl","",""
"10480","s980","essl","",""
"10481","s981","essl","",""
"10482","s982","essl","",""
"10483","s983","essl","",""
"10484","s984","essl","",""
"10485","s985","essl","",""
"10486","s986","essl","",""
"10487","s987","essl","",""
"10488","s988","essl","",""
"10489","s989","essl","",""
"10490","s990","essl","",""
"10491","s991","essl","",""
"10492","s992","essl","",""
"10493","s993","essl","",""
"10494","s994","essl","",""
"10495","s995","essl","",""
"10496","s996","essl","",""
"10497","s997","essl","",""
"10498","s998","essl","",""
"10499","s999","essl","",""
"10500","s1000","essl","",""
"10501","s1001","essl","",""
"10502","s1002","essl","",""
"10503","s1003","essl","",""
"10504","s1004","essl","",""
"10505","s1005","essl","",""
"10506","s1006","essl","",""
"10507","s1007","essl","",""
"10508","s1008","essl","",""
"10509","s1009","essl","",""
"10510","s1010","essl","",""
"10511","s1011","essl","",""
"10512","s1012","essl","",""
"10513","s1013","essl","",""
"10514","s1014","essl","",""
"10515","s1015","essl","",""
"10516","s1016","essl","",""
"10517","s1017","essl","",""
"10518","s1018","essl","",""
"10519","s1019","essl","",""
"10520","s1020","essl","",""
"10521","s1021","essl","",""
"10522","s1022","essl","",""
"10523","s1023","essl","",""
"10524","s1024","essl","",""
"10525","s1025","essl","",""
"10526","s1026","essl","",""
"10527","s1027","essl","",""
"10528","s1028","essl","",""
"10529","s1029","essl","",""
"10530","s1030","essl","",""
"10531","s1031","essl","",""
"10532","s1032","essl","",""
"10533","s1033","essl","",""
"10534","s1034","essl","",""
"10535","s1035","essl","",""
"10536","s1036","essl","",""
"10537","s1037","essl","",""
"10538","s1038","essl","",""
"10539","s1039","essl","",""
"10540","s1040","essl","",""
"10541","s1041","essl","",""
"10542","s1042","essl","",""
"10543","s1043","essl","",""
"10544","s1044","essl","",""
"10545","s1045","essl","",""
"10546","s1046","essl","",""
"10547","s1047","essl","",""
"10548","s1048","essl","",""
"10549","s1049","essl","",""
"10550","s1050","essl","",""
"10551","s1051","essl","",""
"10552","s1052","essl","",""
"10553","s1053","essl","",""
"10554","s1054","essl","",""
"10555","s1055","essl","",""
"10556","s1056","essl","",""
"10557","s1057","essl","",""
"10558","s1058","essl","",""
"10559","s1059","essl","",""
"10560","s1060","essl","",""
"10561","s1061","essl","",""
"10562","s1062","essl","",""
"10563","s1063","essl","",""
"10564","s1064","essl","",""
"10565","s1065","essl","",""
"10566","s1066","essl","",""
"10567","s1067","essl","",""
"10568","s1068","essl","",""
"10569","s1069","essl","",""
"10570","s1070","essl","",""
"10571","s1071","essl","",""
"10572","s1072","essl","",""
"10573","s1073","essl","",""
"10574","s1074","essl","",""
"10575","s1075","essl","",""
"10576","s1076","essl","",""
"10577","s1077","essl","",""
"10578","s1078","essl","",""
"10579","s1079","essl","",""
"10580","s1080","essl","",""
"10581","s1081","essl","",""
"10582","s1082","essl","",""
"10583","s1083","essl","",""
"10584","s1084","essl","",""
"10585","s1085","essl","",""
"10586","s1086","essl","",""
"10587","s1087","essl","",""
"10588","s1088","essl","",""
"10589","s1089","essl","",""
"10590","s1090","essl","",""
"10591","s1091","essl","",""
"10592","s1092","essl","",""
"10593","s1093","essl","",""
"10594","s1094","essl","",""
"10595","s1095","essl","",""
"10596","s1096","essl","",""
"10597","s1097","essl","",""
"10598","s1098","essl","",""
"10599","s1099","essl","",""
"10600","s1100","essl","",""
"10601","s1101","essl","",""
"10602","s1102","essl","",""
"10603","s1103","essl","",""
"10604","s1104","essl","",""
"10605","s1105","essl","",""
"10606","s1106","essl","",""
"10607","s1107","essl","",""
"10608","s1108","essl","",""
"10609","s1109","essl","",""
"10610","s1110","essl","",""
"10611","s1111","essl","",""
"10612","s1112","essl","",""
"10613","s1113","essl","",""
"10614","s1114","essl","",""
"10615","s1115","essl","",""
"10616","s1116","essl","",""
"10617","s1117","essl","",""
"10618","s1118","essl","",""
"10619","s1119","essl","",""
"10620","s1120","essl","",""
"10621","s1121","essl","",""
"10622","s1122","essl","",""
"10623","s1123","essl","",""
"10624","s1124","essl","",""
"10625","s1125","essl","",""
"10626","s1126","essl","",""
"10627","s1127","essl","",""
"10628","s1128","essl","",""
"10629","s1129","essl","",""
"10630","s1130","essl","",""
"10631","s1131","essl","",""
"10632","s1132","essl","",""
"10633","s1133","essl","",""
"10634","s1134","essl","",""
"10635","s1135","essl","",""
"10636","s1136","essl","",""
"10637","s1137","essl","",""
"10638","s1138","essl","",""
"10639","s1139","essl","",""
"10640","s1140","essl","",""
"10641","s1141","essl","",""
"10642","s1142","essl","",""
"10643","s1143","essl","",""
"10644","s1144","essl","",""
"10645","s1145","essl","",""
"10646","s1146","essl","",""
"10647","s1147","essl","",""
"10648","s1148","essl","",""
"10649","s1149","essl","",""
"10650","s1150","essl","",""
"10651","s1151","essl","",""
"10652","s1152","essl","",""
"10653","s1153","essl","",""
"10654","s1154","essl","",""
"10655","s1155","essl","",""
"10656","s1156","essl","",""
"10657","s1157","essl","",""
"10658","s1158","essl","",""
"10659","s1159","essl","",""
"10660","s1160","essl","",""
"10661","s1161","essl","",""
"10662","s1162","essl","",""
"10663","s1163","essl","",""
"10664","s1164","essl","",""
"10665","s1165","essl","",""
"10666","s1166","essl","",""
"10667","s1167","essl","",""
"10668","s1168","essl","",""
"10669","s1169","essl","",""
"10670","s1170","essl","",""
"10671","s1171","essl","",""
"10672","s1172","essl","",""
"10673","s1173","essl","",""
"10674","s1174","essl","",""
"10675","s1175","essl","",""
"10676","s1176","essl","",""
"10677","s1177","essl","",""
"10678","s1178","essl","",""
"10679","s1179","essl","",""
"10680","s1180","essl","",""
"10681","s1181","essl","",""
"10682","s1182","essl","",""
"10683","s1183","essl","",""
"10684","s1184","essl","",""
"10685","s1185","essl","",""
"10686","s1186","essl","",""
"10687","s1187","essl","",""
"10688","s1188","essl","",""
"10689","s1189","essl","",""
"10690","s1190","essl","",""
"10691","s1191","essl","",""
"10692","s1192","essl","",""
"10693","s1193","essl","",""
"10694","s1194","essl","",""
"10695","s1195","essl","",""
"10696","s1196","essl","",""
"10697","s1197","essl","",""
"10698","s1198","essl","",""
"10699","s1199","essl","",""
"10700","s1200","essl","",""
"10701","s1201","essl","",""
"10702","s1202","essl","",""
"10703","s1203","essl","",""
"10704","s1204","essl","",""
"10705","s1205","essl","",""
"10706","s1206","essl","",""
"10707","s1207","essl","",""
"10708","s1208","essl","",""
"10709","s1209","essl","",""
"10710","s1210","essl","",""
"10711","s1211","essl","",""
"10712","s1212","essl","",""
"10713","s1213","essl","",""
"10714","s1214","essl","",""
"10715","s1215","essl","",""
"10716","s1216","essl","",""
"10717","s1217","essl","",""
"10718","s1218","essl","",""
"10719","s1219","essl","",""
"10720","s1220","essl","",""
"10721","s1221","essl","",""
"10722","s1222","essl","",""
"10723","s1223","essl","",""
"10724","s1224","essl","",""
"10725","s1225","essl","",""
"10726","s1226","essl","",""
"10727","s1227","essl","",""
"10728","s1228","essl","",""
"10729","s1229","essl","",""
"10730","s1230","essl","",""
"10731","s1231","essl","",""
"10732","s1232","essl","",""
"10733","s1233","essl","",""
"10734","s1234","essl","",""
"10735","s1235","essl","",""
"10736","s1236","essl","",""
"10737","s1237","essl","",""
"10738","s1238","essl","",""
"10739","s1239","essl","",""
"10740","s1240","essl","",""
"10741","s1241","essl","",""
"10742","s1242","essl","",""
"10743","s1243","essl","",""
"10744","s1244","essl","",""
"10745","s1245","essl","",""
"10746","s1246","essl","",""
"10747","s1247","essl","",""
"10748","s1248","essl","",""
"10749","s1249","essl","",""
"10750","s1250","essl","",""
"10751","s1251","essl","",""
"10752","s1252","essl","",""
"10753","s1253","essl","",""
"10754","s1254","essl","",""
"10755","s1255","essl","",""
"10756","s1256","essl","",""
"10757","s1257","essl","",""
"10758","s1258","essl","",""
"10759","s1259","essl","",""
"10760","s1260","essl","",""
"10761","s1261","essl","",""
"10762","s1262","essl","",""
"10763","s1263","essl","",""
"10764","s1264","essl","",""
"10765","s1265","essl","",""
"10766","s1266","essl","",""
"10767","s1267","essl","",""
"10768","s1268","essl","",""
"10769","s1269","essl","",""
"10770","s1270","essl","",""
"10771","s1271","essl","",""
"10772","s1272","essl","",""
"10773","s1273","essl","",""
"10774","s1274","essl","",""
"10775","s1275","essl","",""
"10776","s1276","essl","",""
"10777","s1277","essl","",""
"10778","s1278","essl","",""
"10779","s1279","essl","",""
"10780","s1280","essl","",""
"10781","s1281","essl","",""
"10782","s1282","essl","",""
"10783","s1283","essl","",""
"10784","s1284","essl","",""
"10785","s1285","essl","",""
"10786","s1286","essl","",""
"10787","s1287","essl","",""
"10788","s1288","essl","",""
"10789","s1289","essl","",""
"10790","s1290","essl","",""
"10791","s1291","essl","",""
"10792","s1292","essl","",""
"10793","s1293","essl","",""
"10794","s1294","essl","",""
"10795","s1295","essl","",""
"10796","s1296","essl","",""
"10797","s1297","essl","",""
"10798","s1298","essl","",""
"10799","s1299","essl","",""
"10800","s1300","essl","",""
"10801","s1301","essl","",""
"10802","s1302","essl","",""
"10803","s1303","essl","",""
"10804","s1304","essl","",""
"10805","s1305","essl","",""
"10806","s1306","essl","",""
"10807","s1307","essl","",""
"10808","s1308","essl","",""
"10809","s1309","essl","",""
"10810","s1310","essl","",""
"10811","s1311","essl","",""
"10812","s1312","essl","",""
"10813","s1313","essl","",""
"10814","s1314","essl","",""
"10815","s1315","essl","",""
"10816","s1316","essl","",""
"10817","s1317","essl","",""
"10818","s1318","essl","",""
"10819","s1319","essl","",""
"10820","s1320","essl","",""
"10821","s1321","essl","",""
"10822","s1322","essl","",""
"10823","s1323","essl","",""
"10824","s1324","essl","",""
"10825","s1325","essl","",""
"10826","s1326","essl","",""
"10827","s1327","essl","",""
"10828","s1328","essl","",""
"10829","s1329","essl","",""
"10830","s1330","essl","",""
"10831","s1331","essl","",""
"10832","s1332","essl","",""
"10833","s1333","essl","",""
"10834","s1334","essl","",""
"10835","s1335","essl","",""
"10836","s1336","essl","",""
"10837","s1337","essl","",""
"10838","s1338","essl","",""
"10839","s1339","essl","",""
"10840","s1340","essl","",""
"10841","s1341","essl","",""
"10842","s1342","essl","",""
"10843","s1343","essl","",""
"10844","s1344","essl","",""
"10845","s1345","essl","",""
"10846","s1346","essl","",""
"10847","s1347","essl","",""
"10848","s1348","essl","",""
"10849","s1349","essl","",""
"10850","s1350","essl","",""
"10851","s1351","essl","",""
"10852","s1352","essl","",""
"10853","s1353","essl","",""
"10854","s1354","essl","",""
"10855","s1355","essl","",""
"10856","s1356","essl","",""
"10857","s1357","essl","",""
"10858","s1358","essl","",""
"10859","s1359","essl","",""
"10860","s1360","essl","",""
"10861","s1361","essl","",""
"10862","s1362","essl","",""
"10863","s1363","essl","",""
"10864","s1364","essl","",""
"10865","s1365","essl","",""
"10866","s1366","essl","",""
"10867","s1367","essl","",""
"10868","s1368","essl","",""
"10869","s1369","essl","",""
"10870","s1370","essl","",""
"10871","s1371","essl","",""
"10872","s1372","essl","",""
"10873","s1373","essl","",""
"10874","s1374","essl","",""
"10875","s1375","essl","",""
"10876","s1376","essl","",""
"10877","s1377","essl","",""
"10878","s1378","essl","",""
"10879","s1379","essl","",""
"10880","s1380","essl","",""
"10881","s1381","essl","",""
"10882","s1382","essl","",""
"10883","s1383","essl","",""
"10884","s1384","essl","",""
"10885","s1385","essl","",""
"10886","s1386","essl","",""
"10887","s1387","essl","",""
"10888","s1388","essl","",""
"10889","s1389","essl","",""
"10890","s1390","essl","",""
"10891","s1391","essl","",""
"10892","s1392","essl","",""
"10893","s1393","essl","",""
"10894","s1394","essl","",""
"10895","s1395","essl","",""
"10896","s1396","essl","",""
"10897","s1397","essl","",""
"10898","s1398","essl","",""
"10899","s1399","essl","",""
"10900","s1400","essl","",""
"10901","s1401","essl","",""
"10902","s1402","essl","",""
"10903","s1403","essl","",""
"10904","s1404","essl","",""
"10905","s1405","essl","",""
"10906","s1406","essl","",""
"10907","s1407","essl","",""
"10908","s1408","essl","",""
"10909","s1409","essl","",""
"10910","s1410","essl","",""
"10911","s1411","essl","",""
"10912","s1412","essl","",""
"10913","s1413","essl","",""
"10914","s1414","essl","",""
"10915","s1415","essl","",""
"10916","s1416","essl","",""
"10917","s1417","essl","",""
"10918","s1418","essl","",""
"10919","s1419","essl","",""
"10920","s1420","essl","",""
"10921","s1421","essl","",""
"10922","s1422","essl","",""
"10923","s1423","essl","",""
"10924","s1424","essl","",""
"10925","s1425","essl","",""
"10926","s1426","essl","",""
"10927","s1427","essl","",""
"10928","s1428","essl","",""
"10929","s1429","essl","",""
"10930","s1430","essl","",""
"10931","s1431","essl","",""
"10932","s1432","essl","",""
"10933","s1433","essl","",""
"10934","s1434","essl","",""
"10935","s1435","essl","",""
"10936","s1436","essl","",""
"10937","s1437","essl","",""
"10938","s1438","essl","",""
"10939","s1439","essl","",""
"10940","s1440","essl","",""
"10941","s1441","essl","",""
"10942","s1442","essl","",""
"10943","s1443","essl","",""
"10944","s1444","essl","",""
"10945","s1445","essl","",""
"10946","s1446","essl","",""
"10947","s1447","essl","",""
"10948","s1448","essl","",""
"10949","s1449","essl","",""
"10950","s1450","essl","",""
"10951","s1451","essl","",""
"10952","s1452","essl","",""
"10953","s1453","essl","",""
"10954","s1454","essl","",""
"10955","s1455","essl","",""
"10956","s1456","essl","",""
"10957","s1457","essl","",""
"10958","s1458","essl","",""
"10959","s1459","essl","",""
"10960","s1460","essl","",""
"10961","s1461","essl","",""
"10962","s1462","essl","",""
"10963","s1463","essl","",""
"10964","s1464","essl","",""
"10965","s1465","essl","",""
"10966","s1466","essl","",""
"10967","s1467","essl","",""
"10968","s1468","essl","",""
"10969","s1469","essl","",""
"10970","s1470","essl","",""
"10971","s1471","essl","",""
"10972","s1472","essl","",""
"10973","s1473","essl","",""
"10974","s1474","essl","",""
"10975","s1475","essl","",""
"10976","s1476","essl","",""
"10977","s1477","essl","",""
"10978","s1478","essl","",""
"10979","s1479","essl","",""
"10980","s1480","essl","",""
"10981","s1481","essl","",""
"10982","s1482","essl","",""
"10983","s1483","essl","",""
"10984","s1484","essl","",""
"10985","s1485","essl","",""
"10986","s1486","essl","",""
"10987","s1487","essl","",""
"10988","s1488","essl","",""
"10989","s1489","essl","",""
"10990","s1490","essl","",""
"10991","s1491","essl","",""
"10992","s1492","essl","",""
"10993","s1493","essl","",""
"10994","s1494","essl","",""
"10995","s1495","essl","",""
"10996","s1496","essl","",""
"10997","s1497","essl","",""
"10998","s1498","essl","",""
"10999","s1499","essl","",""
"11000","s1500","essl","",""
"11001","s1501","essl","",""
"11002","s1502","essl","",""
"11003","s1503","essl","",""
"11004","s1504","essl","",""
"11005","s1505","essl","",""
"11006","s1506","essl","",""
"11007","s1507","essl","",""
"11008","s1508","essl","",""
"11009","s1509","essl","",""
"11010","s1510","essl","",""
"11011","s1511","essl","",""
"11012","s1512","essl","",""
"11013","s1513","essl","",""
"11014","s1514","essl","",""
"11015","s1515","essl","",""
"11016","s1516","essl","",""
"11017","s1517","essl","",""
"11018","s1518","essl","",""
"11019","s1519","essl","",""
"11020","s1520","essl","",""
"11021","s1521","essl","",""
"11022","s1522","essl","",""
"11023","s1523","essl","",""
"11024","s1524","essl","",""
"11025","s1525","essl","",""
"11026","s1526","essl","",""
"11027","s1527","essl","",""
"11028","s1528","essl","",""
"11029","s1529","essl","",""
"11030","s1530","essl","",""
"11031","s1531","essl","",""
"11032","s1532","essl","",""
"11033","s1533","essl","",""
"11034","s1534","essl","",""
"11035","s1535","essl","",""
"11036","s1536","essl","",""
"11037","s1537","essl","",""
"11038","s1538","essl","",""
"11039","s1539","essl","",""
"11040","s1540","essl","",""
"11041","s1541","essl","",""
"11042","s1542","essl","",""
"11043","s1543","essl","",""
"11044","s1544","essl","",""
"11045","s1545","essl","",""
"11046","s1546","essl","",""
"11047","s1547","essl","",""
"11048","s1548","essl","",""
"11049","s1549","essl","",""
"11050","s1550","essl","",""
"11051","s1551","essl","",""
"11052","s1552","essl","",""
"11053","s1553","essl","",""
"11054","s1554","essl","",""
"11055","s1555","essl","",""
"11056","s1556","essl","",""
"11057","s1557","essl","",""
"11058","s1558","essl","",""
"11059","s1559","essl","",""
"11060","s1560","essl","",""
"11061","s1561","essl","",""
"11062","s1562","essl","",""
"11063","s1563","essl","",""
"11064","s1564","essl","",""
"11065","s1565","essl","",""
"11066","s1566","essl","",""
"11067","s1567","essl","",""
"11068","s1568","essl","",""
"11069","s1569","essl","",""
"11070","s1570","essl","",""
"11071","s1571","essl","",""
"11072","s1572","essl","",""
"11073","s1573","essl","",""
"11074","s1574","essl","",""
"11075","s1575","essl","",""
"11076","s1576","essl","",""
"11077","s1577","essl","",""
"11078","s1578","essl","",""
"11079","s1579","essl","",""
"11080","s1580","essl","",""
"11081","s1581","essl","",""
"11082","s1582","essl","",""
"11083","s1583","essl","",""
"11084","s1584","essl","",""
"11085","s1585","essl","",""
"11086","s1586","essl","",""
"11087","s1587","essl","",""
"11088","s1588","essl","",""
"11089","s1589","essl","",""
"11090","s1590","essl","",""
"11091","s1591","essl","",""
"11092","s1592","essl","",""
"11093","s1593","essl","",""
"11094","s1594","essl","",""
"11095","s1595","essl","",""
"11096","s1596","essl","",""
"11097","s1597","essl","",""
"11098","s1598","essl","",""
"11099","s1599","essl","",""
"11100","s1600","essl","",""
"11101","s1601","essl","",""
"11102","s1602","essl","",""
"11103","s1603","essl","",""
"11104","s1604","essl","",""
"11105","s1605","essl","",""
"11106","s1606","essl","",""
"11107","s1607","essl","",""
"11108","s1608","essl","",""
"11109","s1609","essl","",""
"11110","s1610","essl","",""
"11111","s1611","essl","",""
"11112","s1612","essl","",""
"11113","s1613","essl","",""
"11114","s1614","essl","",""
"11115","s1615","essl","",""
"11116","s1616","essl","",""
"11117","s1617","essl","",""
"11118","s1618","essl","",""
"11119","s1619","essl","",""
"11120","s1620","essl","",""
"11121","s1621","essl","",""
"11122","s1622","essl","",""
"11123","s1623","essl","",""
"11124","s1624","essl","",""
"11125","s1625","essl","",""
"11126","s1626","essl","",""
"11127","s1627","essl","",""
"11128","s1628","essl","",""
"11129","s1629","essl","",""
"11130","s1630","essl","",""
"11131","s1631","essl","",""
"11132","s1632","essl","",""
"11133","s1633","essl","",""
"11134","s1634","essl","",""
"11135","s1635","essl","",""
"11136","s1636","essl","",""
"11137","s1637","essl","",""
"11138","s1638","essl","",""
"11139","s1639","essl","",""
"11140","s1640","essl","",""
"11141","s1641","essl","",""
"11142","s1642","essl","",""
"11143","s1643","essl","",""
"11144","s1644","essl","",""
"11145","s1645","essl","",""
"11146","s1646","essl","",""
"11147","s1647","essl","",""
"11148","s1648","essl","",""
"11149","s1649","essl","",""
"11150","s1650","essl","",""
"11151","s1651","essl","",""
"11152","s1652","essl","",""
"11153","s1653","essl","",""
"11154","s1654","essl","",""
"11155","s1655","essl","",""
"11156","s1656","essl","",""
"11157","s1657","essl","",""
"11158","s1658","essl","",""
"11159","s1659","essl","",""
"11160","s1660","essl","",""
"11161","s1661","essl","",""
"11162","s1662","essl","",""
"11163","s1663","essl","",""
"11164","s1664","essl","",""
"11165","s1665","essl","",""
"11166","s1666","essl","",""
"11167","s1667","essl","",""
"11168","s1668","essl","",""
"11169","s1669","essl","",""
"11170","s1670","essl","",""
"11171","s1671","essl","",""
"11172","s1672","essl","",""
"11173","s1673","essl","",""
"11174","s1674","essl","",""
"11175","s1675","essl","",""
"11176","s1676","essl","",""
"11177","s1677","essl","",""
"11178","s1678","essl","",""
"11179","s1679","essl","",""
"11180","s1680","essl","",""
"11181","s1681","essl","",""
"11182","s1682","essl","",""
"11183","s1683","essl","",""
"11184","s1684","essl","",""
"11185","s1685","essl","",""
"11186","s1686","essl","",""
"11187","s1687","essl","",""
"11188","s1688","essl","",""
"11189","s1689","essl","",""
"11190","s1690","essl","",""
"11191","s1691","essl","",""
"11192","s1692","essl","",""
"11193","s1693","essl","",""
"11194","s1694","essl","",""
"11195","s1695","essl","",""
"11196","s1696","essl","",""
"11197","s1697","essl","",""
"11198","s1698","essl","",""
"11199","s1699","essl","",""
"11297","vyg197","mts","",""
"11298","vyg198","mts","",""
"11299","vyg199","mts","",""
"11350","ct-svc1","freeflow","",""
"11351","i6ct-svc1","freeflow","",""
"11352","dscct-svc1","freeflow","",""
"11353","mcs-defaul","freeflow","",""
"11354","i6mcs-defa","freeflow","",""
"11355","dscmcs-def","freeflow","",""
"11400","r1","crypto","",""
"11401","r2","crypto","",""
"11402","r3","crypto","",""
"11403","r4","crypto","",""
"11404","r5","crypto","",""
"11405","r6","crypto","",""
"11406","r7","crypto","",""
"11407","r8","crypto","",""
"11408","r9","crypto","",""
"11409","r10","crypto","",""
"11410","r11","crypto","",""
"11411","r12","crypto","",""
"11412","r13","crypto","",""
"11413","r14","crypto","",""
"11414","r15","crypto","",""
"11415","r16","crypto","",""
"11416","r17","crypto","",""
"11417","r18","crypto","",""
"11418","r19","crypto","",""
"11419","r20","crypto","",""
"11420","r21","crypto","",""
"11421","r22","crypto","",""
"11422","r23","crypto","",""
"11423","r24","crypto","",""
"11424","r25","crypto","",""
"11425","r26","crypto","",""
"11426","r27","crypto","",""
"11427","r28","crypto","",""
"11428","r29","crypto","",""
"11429","r30","crypto","",""
"11430","r31","crypto","",""
"11431","r32","crypto","",""
"11432","r33","crypto","",""
"11433","r34","crypto","",""
"11434","r35","crypto","",""
"11435","r36","crypto","",""
"11436","r37","crypto","",""
"11437","r38","crypto","",""
"11438","r39","crypto","",""
"11439","r40","crypto","",""
"11440","r41","crypto","",""
"11441","r42","crypto","",""
"11442","r43","crypto","",""
"11443","r44","crypto","",""
"11444","r45","crypto","",""
"11445","r46","crypto","",""
"11446","r47","crypto","",""
"11447","r48","crypto","",""
"11448","r49","crypto","",""
"11449","r50","crypto","",""
"11450","r51","crypto","",""
"11451","r52","crypto","",""
"11452","r53","crypto","",""
"11453","r54","crypto","",""
"11454","r55","crypto","",""
"11499","pr2","crypto","",""
"11500","pr1","crypto","",""
"11521","e63","essl","",""
"11531","e73","essl","",""
"11541","i6e63","essl","",""
"11551","i6e73","essl","",""
"11561","dsce63","essl","",""
"11571","dsce73","essl","",""
"11580","llns5","essl","",""
"11581","e63s","essl","",""
"11591","e73s","essl","",""
"11599","e61s","essl","","HK"
"11605","w105","freeflow","",""
"11606","w106","freeflow","",""
"11607","w107","freeflow","",""
"11608","w108","freeflow","",""
"11609","w109","freeflow","",""
"11610","w110","freeflow","",""
"11611","w111","freeflow","",""
"11612","w112","freeflow","",""
"11613","w113","freeflow","",""
"11614","w114","freeflow","",""
"11616","w116","freeflow","",""
"11617","w117","freeflow","",""
"11625","i6w105","freeflow","",""
"11626","i6w106","freeflow","",""
"11627","i6w107","freeflow","",""
"11628","i6w108","freeflow","",""
"11629","i6w109","freeflow","",""
"11630","i6w110","freeflow","",""
"11631","i6w111","freeflow","",""
"11632","i6w112","freeflow","",""
"11633","i6w113","freeflow","",""
"11634","i6w114","freeflow","",""
"11636","i6w116","freeflow","",""
"11637","i6w117","freeflow","",""
"11645","dscw105","freeflow","",""
"11646","dscw106","freeflow","",""
"11647","dscw107","freeflow","",""
"11648","dscw108","freeflow","",""
"11649","dscw109","freeflow","",""
"11650","dscw110","freeflow","",""
"11651","dscw111","freeflow","",""
"11652","dscw112","freeflow","",""
"11653","dscw113","freeflow","",""
"11654","dscw114","freeflow","",""
"11656","dscw116","freeflow","",""
"11657","dscw117","freeflow","",""
"11684","chcn4","freeflow","",""
"11701","w121","freeflow","",""
"11721","i6w121","freeflow","",""
"11741","dscw121","freeflow","",""
"11761","i6e61s","essl","","HK"
"11763","i6e63s","essl","",""
"11801","s2200","essl","",""
"11802","s2201","essl","",""
"11803","s2202","essl","",""
"11804","s2203","essl","",""
"11805","s2204","essl","",""
"11806","s2205","essl","",""
"11807","s2206","essl","",""
"11808","s2207","essl","",""
"11809","s2208","essl","",""
"11810","s2209","essl","",""
"11811","s2210","essl","",""
"11812","s2211","essl","",""
"11813","s2212","essl","",""
"11814","s2213","essl","",""
"11815","s2214","essl","",""
"11816","s2215","essl","",""
"11817","s2216","essl","",""
"11818","s2217","essl","",""
"11819","s2218","essl","",""
"11820","s2219","essl","",""
"11821","s2220","essl","",""
"11822","s2221","essl","",""
"11823","s2222","essl","",""
"11824","s2223","essl","",""
"11825","s2224","essl","",""
"11826","s2225","essl","",""
"11827","s2226","essl","",""
"11828","s2227","essl","",""
"11829","s2228","essl","",""
"11830","s2229","essl","",""
"11831","s2230","essl","",""
"11832","s2231","essl","",""
"11833","s2232","essl","",""
"11834","s2233","essl","",""
"11835","s2234","essl","",""
"11836","s2235","essl","",""
"11837","s2236","essl","",""
"11838","s2237","essl","",""
"11839","s2238","essl","",""
"11840","s2239","essl","",""
"11841","s2240","essl","",""
"11842","s2241","essl","",""
"11843","s2242","essl","",""
"11844","s2243","essl","",""
"11845","s2244","essl","",""
"11846","s2245","essl","",""
"11847","s2246","essl","",""
"11848","s2247","essl","",""
"11849","s2248","essl","",""
"11850","s2249","essl","",""
"11851","s2250","essl","",""
"11852","s2251","essl","",""
"11853","s2252","essl","",""
"11854","s2253","essl","",""
"11855","s2254","essl","",""
"11856","s2255","essl","",""
"11857","s2256","essl","",""
"11858","s2257","essl","",""
"11859","s2258","essl","",""
"11860","s2259","essl","",""
"11861","s2260","essl","",""
"11862","s2261","essl","",""
"11863","s2262","essl","",""
"11864","s2263","essl","",""
"11865","s2264","essl","",""
"11866","s2265","essl","",""
"11867","s2266","essl","",""
"11868","s2267","essl","",""
"11869","s2268","essl","",""
"11870","s2269","essl","",""
"11871","s2270","essl","",""
"11872","s2271","essl","",""
"11873","s2272","essl","",""
"11874","s2273","essl","",""
"11875","s2274","essl","",""
"11876","s2275","essl","",""
"11877","s2276","essl","",""
"11878","s2277","essl","",""
"11879","s2278","essl","",""
"11880","s2279","essl","",""
"11881","s2280","essl","",""
"11882","s2281","essl","",""
"11883","s2282","essl","",""
"11884","s2283","essl","",""
"11885","s2284","essl","",""
"11886","s2285","essl","",""
"11887","s2286","essl","",""
"11888","s2287","essl","",""
"11889","s2288","essl","",""
"11890","s2289","essl","",""
"11891","s2290","essl","",""
"11892","s2291","essl","",""
"11893","s2292","essl","",""
"11894","s2293","essl","",""
"11895","s2294","essl","",""
"11896","s2295","essl","",""
"11897","s2296","essl","",""
"11898","s2297","essl","",""
"11899","s2298","essl","",""
"11900","s2299","essl","",""
"11901","s2300","essl","",""
"11902","s2301","essl","",""
"11903","s2302","essl","",""
"11904","s2303","essl","",""
"11905","s2304","essl","",""
"11906","s2305","essl","",""
"11907","s2306","essl","",""
"11908","s2307","essl","",""
"11909","s2308","essl","",""
"11910","s2309","essl","",""
"11911","s2310","essl","",""
"11912","s2311","essl","",""
"11913","s2312","essl","",""
"11914","s2313","essl","",""
"11915","s2314","essl","",""
"11916","s2315","essl","",""
"11917","s2316","essl","",""
"11918","s2317","essl","",""
"11919","s2318","essl","",""
"11920","s2319","essl","",""
"11921","s2320","essl","",""
"11922","s2321","essl","",""
"11923","s2322","essl","",""
"11924","s2323","essl","",""
"11925","s2324","essl","",""
"11926","s2325","essl","",""
"11927","s2326","essl","",""
"11928","s2327","essl","",""
"11929","s2328","essl","",""
"11930","s2329","essl","",""
"11931","s2330","essl","",""
"11932","s2331","essl","",""
"11933","s2332","essl","",""
"11934","s2333","essl","",""
"11935","s2334","essl","",""
"11936","s2335","essl","",""
"11937","s2336","essl","",""
"11938","s2337","essl","",""
"11939","s2338","essl","",""
"11940","s2339","essl","",""
"11941","s2340","essl","",""
"11942","s2341","essl","",""
"11943","s2342","essl","",""
"11944","s2343","essl","",""
"11945","s2344","essl","",""
"11946","s2345","essl","",""
"11947","s2346","essl","",""
"11948","s2347","essl","",""
"11949","s2348","essl","",""
"11950","s2349","essl","",""
"11951","s2350","essl","",""
"11952","s2351","essl","",""
"11953","s2352","essl","",""
"11954","s2353","essl","",""
"11955","s2354","essl","",""
"11956","s2355","essl","",""
"11957","s2356","essl","",""
"11958","s2357","essl","",""
"11959","s2358","essl","",""
"11960","s2359","essl","",""
"11961","s2360","essl","",""
"11962","s2361","essl","",""
"11963","s2362","essl","",""
"11964","s2363","essl","",""
"11965","s2364","essl","",""
"11966","s2365","essl","",""
"11967","s2366","essl","",""
"11968","s2367","essl","",""
"11969","s2368","essl","",""
"11970","s2369","essl","",""
"11971","s2370","essl","",""
"11972","s2371","essl","",""
"11973","s2372","essl","",""
"11974","s2373","essl","",""
"11975","s2374","essl","",""
"11976","s2375","essl","",""
"11977","s2376","essl","",""
"11978","s2377","essl","",""
"11979","s2378","essl","",""
"11980","s2379","essl","",""
"11981","s2380","essl","",""
"11982","s2381","essl","",""
"11983","s2382","essl","",""
"11984","s2383","essl","",""
"11985","s2384","essl","",""
"11986","s2385","essl","",""
"11987","s2386","essl","",""
"11988","s2387","essl","",""
"11989","s2388","essl","",""
"11990","s2389","essl","",""
"11991","s2390","essl","",""
"11992","s2391","essl","",""
"11993","s2392","essl","",""
"11994","s2393","essl","",""
"11995","s2394","essl","",""
"11996","s2395","essl","",""
"11997","s2396","essl","",""
"11998","s2397","essl","",""
"11999","s2398","essl","",""
"14000","s1700","essl","",""
"14001","s1701","essl","",""
"14002","s1702","essl","",""
"14003","s1703","essl","",""
"14004","s1704","essl","",""
"14005","s1705","essl","",""
"14006","s1706","essl","",""
"14007","s1707","essl","",""
"14008","s1708","essl","",""
"14009","s1709","essl","",""
"14010","s1710","essl","",""
"14011","s1711","essl","",""
"14012","s1712","essl","",""
"14013","s1713","essl","",""
"14014","s1714","essl","",""
"14015","s1715","essl","",""
"14016","s1716","essl","",""
"14017","s1717","essl","",""
"14018","s1718","essl","",""
"14019","s1719","essl","",""
"14020","s1720","essl","",""
"14021","s1721","essl","",""
"14022","s1722","essl","",""
"14023","s1723","essl","",""
"14024","s1724","essl","",""
"14025","s1725","essl","",""
"14026","s1726","essl","",""
"14027","s1727","essl","",""
"14028","s1728","essl","",""
"14029","s1729","essl","",""
"14030","s1730","essl","",""
"14031","s1731","essl","",""
"14032","s1732","essl","",""
"14033","s1733","essl","",""
"14034","s1734","essl","",""
"14035","s1735","essl","",""
"14036","s1736","essl","",""
"14037","s1737","essl","",""
"14038","s1738","essl","",""
"14039","s1739","essl","",""
"14040","s1740","essl","",""
"14041","s1741","essl","",""
"14042","s1742","essl","",""
"14043","s1743","essl","",""
"14044","s1744","essl","",""
"14045","s1745","essl","",""
"14046","s1746","essl","",""
"14047","s1747","essl","",""
"14048","s1748","essl","",""
"14049","s1749","essl","",""
"14050","s1750","essl","",""
"14051","s1751","essl","",""
"14052","s1752","essl","",""
"14053","s1753","essl","",""
"14054","s1754","essl","",""
"14055","s1755","essl","",""
"14056","s1756","essl","",""
"14057","s1757","essl","",""
"14058","s1758","essl","",""
"14059","s1759","essl","",""
"14060","s1760","essl","",""
"14061","s1761","essl","",""
"14062","s1762","essl","",""
"14063","s1763","essl","",""
"14064","s1764","essl","",""
"14065","s1765","essl","",""
"14066","s1766","essl","",""
"14067","s1767","essl","",""
"14068","s1768","essl","",""
"14069","s1769","essl","",""
"14070","s1770","essl","",""
"14071","s1771","essl","",""
"14072","s1772","essl","",""
"14073","s1773","essl","",""
"14074","s1774","essl","",""
"14075","s1775","essl","",""
"14076","s1776","essl","",""
"14077","s1777","essl","",""
"14078","s1778","essl","",""
"14079","s1779","essl","",""
"14080","s1780","essl","",""
"14081","s1781","essl","",""
"14082","s1782","essl","",""
"14083","s1783","essl","",""
"14084","s1784","essl","",""
"14085","s1785","essl","",""
"14086","s1786","essl","",""
"14087","s1787","essl","",""
"14088","s1788","essl","",""
"14089","s1789","essl","",""
"14090","s1790","essl","",""
"14091","s1791","essl","",""
"14092","s1792","essl","",""
"14093","s1793","essl","",""
"14094","s1794","essl","",""
"14095","s1795","essl","",""
"14096","s1796","essl","",""
"14097","s1797","essl","",""
"14098","s1798","essl","",""
"14099","s1799","essl","",""
"14100","s1800","essl","",""
"14101","s1801","essl","",""
"14102","s1802","essl","",""
"14103","s1803","essl","",""
"14104","s1804","essl","",""
"14105","s1805","essl","",""
"14106","s1806","essl","",""
"14107","s1807","essl","",""
"14108","s1808","essl","",""
"14109","s1809","essl","",""
"14110","s1810","essl","",""
"14111","s1811","essl","",""
"14112","s1812","essl","",""
"14113","s1813","essl","",""
"14114","s1814","essl","",""
"14115","s1815","essl","",""
"14116","s1816","essl","",""
"14117","s1817","essl","",""
"14118","s1818","essl","",""
"14119","s1819","essl","",""
"14120","s1820","essl","",""
"14121","s1821","essl","",""
"14122","s1822","essl","",""
"14123","s1823","essl","",""
"14124","s1824","essl","",""
"14125","s1825","essl","",""
"14126","s1826","essl","",""
"14127","s1827","essl","",""
"14128","s1828","essl","",""
"14129","s1829","essl","",""
"14130","s1830","essl","",""
"14131","s1831","essl","",""
"14132","s1832","essl","",""
"14133","s1833","essl","",""
"14134","s1834","essl","",""
"14135","s1835","essl","",""
"14136","s1836","essl","",""
"14137","s1837","essl","",""
"14138","s1838","essl","",""
"14139","s1839","essl","",""
"14140","s1840","essl","",""
"14141","s1841","essl","",""
"14142","s1842","essl","",""
"14143","s1843","essl","",""
"14144","s1844","essl","",""
"14145","s1845","essl","",""
"14146","s1846","essl","",""
"14147","s1847","essl","",""
"14148","s1848","essl","",""
"14149","s1849","essl","",""
"14150","s1850","essl","",""
"14151","s1851","essl","",""
"14152","s1852","essl","",""
"14153","s1853","essl","",""
"14154","s1854","essl","",""
"14155","s1855","essl","",""
"14156","s1856","essl","",""
"14157","s1857","essl","",""
"14158","s1858","essl","",""
"14159","s1859","essl","",""
"14160","s1860","essl","",""
"14161","s1861","essl","",""
"14162","s1862","essl","",""
"14163","s1863","essl","",""
"14164","s1864","essl","",""
"14165","s1865","essl","",""
"14166","s1866","essl","",""
"14167","s1867","essl","",""
"14168","s1868","essl","",""
"14169","s1869","essl","",""
"14170","s1870","essl","",""
"14171","s1871","essl","",""
"14172","s1872","essl","",""
"14173","s1873","essl","",""
"14174","s1874","essl","",""
"14175","s1875","essl","",""
"14176","s1876","essl","",""
"14177","s1877","essl","",""
"14178","s1878","essl","",""
"14179","s1879","essl","",""
"14180","s1880","essl","",""
"14181","s1881","essl","",""
"14182","s1882","essl","",""
"14183","s1883","essl","",""
"14184","s1884","essl","",""
"14185","s1885","essl","",""
"14186","s1886","essl","",""
"14187","s1887","essl","",""
"14188","s1888","essl","",""
"14189","s1889","essl","",""
"14190","s1890","essl","",""
"14191","s1891","essl","",""
"14192","s1892","essl","",""
"14193","s1893","essl","",""
"14194","s1894","essl","",""
"14195","s1895","essl","",""
"14196","s1896","essl","",""
"14197","s1897","essl","",""
"14198","s1898","essl","",""
"14199","s1899","essl","",""
"14200","s1900","essl","",""
"14201","s1901","essl","",""
"14202","s1902","essl","",""
"14203","s1903","essl","",""
"14204","s1904","essl","",""
"14205","s1905","essl","",""
"14206","s1906","essl","",""
"14207","s1907","essl","",""
"14208","s1908","essl","",""
"14209","s1909","essl","",""
"14210","s1910","essl","",""
"14211","s1911","essl","",""
"14212","s1912","essl","",""
"14213","s1913","essl","",""
"14214","s1914","essl","",""
"14215","s1915","essl","",""
"14216","s1916","essl","",""
"14217","s1917","essl","",""
"14218","s1918","essl","",""
"14219","s1919","essl","",""
"14220","s1920","essl","",""
"14221","s1921","essl","",""
"14222","s1922","essl","",""
"14223","s1923","essl","",""
"14224","s1924","essl","",""
"14225","s1925","essl","",""
"14226","s1926","essl","",""
"14227","s1927","essl","",""
"14228","s1928","essl","",""
"14229","s1929","essl","",""
"14230","s1930","essl","",""
"14231","s1931","essl","",""
"14232","s1932","essl","",""
"14233","s1933","essl","",""
"14234","s1934","essl","",""
"14235","s1935","essl","",""
"14236","s1936","essl","",""
"14237","s1937","essl","",""
"14238","s1938","essl","",""
"14239","s1939","essl","",""
"14240","s1940","essl","",""
"14241","s1941","essl","",""
"14242","s1942","essl","",""
"14243","s1943","essl","",""
"14244","s1944","essl","",""
"14245","s1945","essl","",""
"14246","s1946","essl","",""
"14247","s1947","essl","",""
"14248","s1948","essl","",""
"14249","s1949","essl","",""
"14250","s1950","essl","",""
"14251","s1951","essl","",""
"14252","s1952","essl","",""
"14253","s1953","essl","",""
"14254","s1954","essl","",""
"14255","s1955","essl","",""
"14256","s1956","essl","",""
"14257","s1957","essl","",""
"14258","s1958","essl","",""
"14259","s1959","essl","",""
"14260","s1960","essl","",""
"14261","s1961","essl","",""
"14262","s1962","essl","",""
"14263","s1963","essl","",""
"14264","s1964","essl","",""
"14265","s1965","essl","",""
"14266","s1966","essl","",""
"14267","s1967","essl","",""
"14268","s1968","essl","",""
"14269","s1969","essl","",""
"14270","s1970","essl","",""
"14271","s1971","essl","",""
"14272","s1972","essl","",""
"14273","s1973","essl","",""
"14274","s1974","essl","",""
"14275","s1975","essl","",""
"14276","s1976","essl","",""
"14277","s1977","essl","",""
"14278","s1978","essl","",""
"14279","s1979","essl","",""
"14280","s1980","essl","",""
"14281","s1981","essl","",""
"14282","s1982","essl","",""
"14283","s1983","essl","",""
"14284","s1984","essl","",""
"14285","s1985","essl","",""
"14286","s1986","essl","",""
"14287","s1987","essl","",""
"14288","s1988","essl","",""
"14289","s1989","essl","",""
"14290","s1990","essl","",""
"14291","s1991","essl","",""
"14292","s1992","essl","",""
"14293","s1993","essl","",""
"14294","s1994","essl","",""
"14295","s1995","essl","",""
"14296","s1996","essl","",""
"14297","s1997","essl","",""
"14298","s1998","essl","",""
"14299","s1999","essl","",""
"14300","s2000","essl","",""
"14301","s2001","essl","",""
"14302","s2002","essl","",""
"14303","s2003","essl","",""
"14304","s2004","essl","",""
"14305","s2005","essl","",""
"14306","s2006","essl","",""
"14307","s2007","essl","",""
"14308","s2008","essl","",""
"14309","s2009","essl","",""
"14310","s2010","essl","",""
"14311","s2011","essl","",""
"14312","s2012","essl","",""
"14313","s2013","essl","",""
"14314","s2014","essl","",""
"14315","s2015","essl","",""
"14316","s2016","essl","",""
"14317","s2017","essl","",""
"14318","s2018","essl","",""
"14319","s2019","essl","",""
"14320","s2020","essl","",""
"14321","s2021","essl","",""
"14322","s2022","essl","",""
"14323","s2023","essl","",""
"14324","s2024","essl","",""
"14325","s2025","essl","",""
"14326","s2026","essl","",""
"14327","s2027","essl","",""
"14328","s2028","essl","",""
"14329","s2029","essl","",""
"14330","s2030","essl","",""
"14331","s2031","essl","",""
"14332","s2032","essl","",""
"14333","s2033","essl","",""
"14334","s2034","essl","",""
"14335","s2035","essl","",""
"14336","s2036","essl","",""
"14337","s2037","essl","",""
"14338","s2038","essl","",""
"14339","s2039","essl","",""
"14340","s2040","essl","",""
"14341","s2041","essl","",""
"14342","s2042","essl","",""
"14343","s2043","essl","",""
"14344","s2044","essl","",""
"14345","s2045","essl","",""
"14346","s2046","essl","",""
"14347","s2047","essl","",""
"14348","s2048","essl","",""
"14349","s2049","essl","",""
"14350","s2050","essl","",""
"14351","s2051","essl","",""
"14352","s2052","essl","",""
"14353","s2053","essl","",""
"14354","s2054","essl","",""
"14355","s2055","essl","",""
"14356","s2056","essl","",""
"14357","s2057","essl","",""
"14358","s2058","essl","",""
"14359","s2059","essl","",""
"14360","s2060","essl","",""
"14361","s2061","essl","",""
"14362","s2062","essl","",""
"14363","s2063","essl","",""
"14364","s2064","essl","",""
"14365","s2065","essl","",""
"14366","s2066","essl","",""
"14367","s2067","essl","",""
"14368","s2068","essl","",""
"14369","s2069","essl","",""
"14370","s2070","essl","",""
"14371","s2071","essl","",""
"14372","s2072","essl","",""
"14373","s2073","essl","",""
"14374","s2074","essl","",""
"14375","s2075","essl","",""
"14376","s2076","essl","",""
"14377","s2077","essl","",""
"14378","s2078","essl","",""
"14379","s2079","essl","",""
"14380","s2080","essl","",""
"14381","s2081","essl","",""
"14382","s2082","essl","",""
"14383","s2083","essl","",""
"14384","s2084","essl","",""
"14385","s2085","essl","",""
"14386","s2086","essl","",""
"14387","s2087","essl","",""
"14388","s2088","essl","",""
"14389","s2089","essl","",""
"14390","s2090","essl","",""
"14391","s2091","essl","",""
"14392","s2092","essl","",""
"14393","s2093","essl","",""
"14394","s2094","essl","",""
"14395","s2095","essl","",""
"14396","s2096","essl","",""
"14397","s2097","essl","",""
"14398","s2098","essl","",""
"14399","s2099","essl","",""
"14400","s2100","essl","",""
"14401","s2101","essl","",""
"14402","s2102","essl","",""
"14403","s2103","essl","",""
"14404","s2104","essl","",""
"14405","s2105","essl","",""
"14406","s2106","essl","",""
"14407","s2107","essl","",""
"14408","s2108","essl","",""
"14409","s2109","essl","",""
"14410","s2110","essl","",""
"14411","s2111","essl","",""
"14412","s2112","essl","",""
"14413","s2113","essl","",""
"14414","s2114","essl","",""
"14415","s2115","essl","",""
"14416","s2116","essl","",""
"14417","s2117","essl","",""
"14418","s2118","essl","",""
"14419","s2119","essl","",""
"14420","s2120","essl","",""
"14421","s2121","essl","",""
"14422","s2122","essl","",""
"14423","s2123","essl","",""
"14424","s2124","essl","",""
"14425","s2125","essl","",""
"14426","s2126","essl","",""
"14427","s2127","essl","",""
"14428","s2128","essl","",""
"14429","s2129","essl","",""
"14430","s2130","essl","",""
"14431","s2131","essl","",""
"14432","s2132","essl","",""
"14433","s2133","essl","",""
"14434","s2134","essl","",""
"14435","s2135","essl","",""
"14436","s2136","essl","",""
"14437","s2137","essl","",""
"14438","s2138","essl","",""
"14439","s2139","essl","",""
"14440","s2140","essl","",""
"14441","s2141","essl","",""
"14442","s2142","essl","",""
"14443","s2143","essl","",""
"14444","s2144","essl","",""
"14445","s2145","essl","",""
"14446","s2146","essl","",""
"14447","s2147","essl","",""
"14448","s2148","essl","",""
"14449","s2149","essl","",""
"14450","s2150","essl","",""
"14451","s2151","essl","",""
"14452","s2152","essl","",""
"14453","s2153","essl","",""
"14454","s2154","essl","",""
"14455","s2155","essl","",""
"14456","s2156","essl","",""
"14457","s2157","essl","",""
"14458","s2158","essl","",""
"14459","s2159","essl","",""
"14460","s2160","essl","",""
"14461","s2161","essl","",""
"14462","s2162","essl","",""
"14463","s2163","essl","",""
"14464","s2164","essl","",""
"14465","s2165","essl","",""
"14466","s2166","essl","",""
"14467","s2167","essl","",""
"14468","s2168","essl","",""
"14469","s2169","essl","",""
"14470","s2170","essl","",""
"14471","s2171","essl","",""
"14472","s2172","essl","",""
"14473","s2173","essl","",""
"14474","s2174","essl","",""
"14475","s2175","essl","",""
"14476","s2176","essl","",""
"14477","s2177","essl","",""
"14478","s2178","essl","",""
"14479","s2179","essl","",""
"14480","s2180","essl","",""
"14481","s2181","essl","",""
"14482","s2182","essl","",""
"14483","s2183","essl","",""
"14484","s2184","essl","",""
"14485","s2185","essl","",""
"14486","s2186","essl","",""
"14487","s2187","essl","",""
"14488","s2188","essl","",""
"14489","s2189","essl","",""
"14490","s2190","essl","",""
"14491","s2191","essl","",""
"14492","s2192","essl","",""
"14493","s2193","essl","",""
"14494","s2194","essl","",""
"14495","s2195","essl","",""
"14496","s2196","essl","",""
"14497","s2197","essl","",""
"14498","s2198","essl","",""
"14499","s2199","essl","",""
"14502","srip63","srip","",""
"14504","srip65","srip","",""
"14505","srip66","srip","",""
"14506","srip67","srip","",""
"14507","srip68","srip","",""
"14510","srip71","srip","",""
"14513","srip74","srip","",""
"14514","srip75","srip","",""
"14515","srip76","srip","",""
"14516","srip77","srip","",""
"14517","srip78","srip","",""
"14519","srip80","srip","",""
"14520","srip81","srip","",""
"14521","srip82","srip","",""
"14522","srip83","srip","",""
"14523","srip84","srip","",""
"14542","i6srip54","srip","",""
"14543","dscsrip54","srip","",""
"14546","i6sripcnc","srip","",""
"14547","dscsripcnc","srip","",""
"14548","i6srip41","srip","",""
"14549","dscsrip41","srip","",""
"14550","i6srip16","srip","",""
"14551","dscsrip16","srip","",""
"14800","chp","freeflow","",""
"14801","chf","freeflow","",""
"14802","cheu2p","freeflow","",""
"14803","cheu2f","freeflow","",""
"14804","ch2p","freeflow","",""
"14805","ch2f","freeflow","",""
"14806","ch185p","freeflow","",""
"14807","ch185f","freeflow","",""
"14808","chapacp","freeflow","",""
"14809","chapacf","freeflow","",""
"14810","chausp","freeflow","",""
"14811","chausf","freeflow","",""
"14812","ch010p","freeflow","",""
"14813","ch010f","freeflow","",""
"14814","ch180p","freeflow","",""
"14815","ch180f","freeflow","",""
"14816","chjpp","freeflow","",""
"14817","chjpf","freeflow","",""
"14818","ch186p","freeflow","",""
"14819","ch186f","freeflow","",""
"14820","cheus2p","freeflow","",""
"14821","cheus2f","freeflow","",""
"14822","chcus2p","freeflow","",""
"14823","chcus2f","freeflow","",""
"14824","chwus2p","freeflow","",""
"14825","chwus2f","freeflow","",""
"14834","chsc00p","freeflow","",""
"14835","chsc00f","freeflow","",""
"14836","chsc01p","freeflow","",""
"14837","chsc01f","freeflow","",""
"14838","chsc02p","freeflow","",""
"14839","chsc02f","freeflow","",""
"14840","chsc03p","freeflow","",""
"14841","chsc03f","freeflow","",""
"14842","chsc04p","freeflow","",""
"14843","chsc04f","freeflow","",""
"14844","chsc05p","freeflow","",""
"14845","chsc05f","freeflow","",""
"14846","chsc06p","freeflow","",""
"14847","chsc06f","freeflow","",""
"14848","chsc07p","freeflow","",""
"14849","chsc07f","freeflow","",""
"14850","chsc08p","freeflow","",""
"14851","chsc08f","freeflow","",""
"14852","chsc09p","freeflow","",""
"14853","chsc09f","freeflow","",""
"14854","chsc10p","freeflow","",""
"14855","chsc10f","freeflow","",""
"14856","chsc11p","freeflow","",""
"14857","chsc11f","freeflow","",""
"14858","chsc12p","freeflow","",""
"14859","chsc12f","freeflow","",""
"14860","chsc13p","freeflow","",""
"14861","chsc13f","freeflow","",""
"14862","chsc14p","freeflow","",""
"14863","chsc14f","freeflow","",""
"14999","apin","essl","",""
"15000","api1","essl","",""
"15001","api2","essl","",""
"15002","api3","essl","",""
"15003","api4","essl","",""
"15004","api5","essl","",""
"15005","api6","essl","",""
"15006","api7","essl","",""
"15007","api8","essl","",""
"15008","api9","essl","",""
"15009","api10","essl","",""
"15010","api11","essl","",""
"15011","api12","essl","",""
"15012","api13","essl","",""
"15013","api14","essl","",""
"15014","api15","essl","",""
"15020","i6api1","essl","",""
"15021","i6api2","essl","",""
"15022","i6api3","essl","",""
"15023","i6api4","essl","",""
"15024","i6api5","essl","",""
"15025","i6api6","essl","",""
"15026","i6api7","essl","",""
"15027","i6api8","essl","",""
"15028","i6api9","essl","",""
"15029","i6api10","essl","",""
"15030","i6api11","essl","",""
"15031","i6api12","essl","",""
"15032","i6api13","essl","",""
"15033","i6api14","essl","",""
"15034","i6api15","essl","",""
"15040","dscapi1","essl","",""
"15041","dscapi2","essl","",""
"15042","dscapi3","essl","",""
"15043","dscapi4","essl","",""
"15044","dscapi5","essl","",""
"15045","dscapi6","essl","",""
"15046","dscapi7","essl","",""
"15047","dscapi8","essl","",""
"15048","dscapi9","essl","",""
"15049","dscapi10","essl","",""
"15050","dscapi11","essl","",""
"15051","dscapi12","essl","",""
"15052","dscapi13","essl","",""
"15053","dscapi14","essl","",""
"15054","dscapi15","essl","",""
"15061","w141","freeflow","",""
"15063","w143","freeflow","",""
"15064","w144","freeflow","",""
"15065","w145","freeflow","",""
"15066","w146","freeflow","",""
"15067","w147","freeflow","",""
"15068","w148","freeflow","",""
"15069","w149","freeflow","",""
"15070","w150","freeflow","",""
"15071","w151","freeflow","",""
"15072","w152","freeflow","",""
"15073","w153","freeflow","",""
"15074","w154","freeflow","","RU"
"15075","w155","freeflow","",""
"15101","w181","freeflow","US",""
"15102","w182","freeflow","US",""
"15103","w183","freeflow","US",""
"15104","w184","freeflow","US",""
"15105","w185","freeflow","US",""
"15111","i6w141","freeflow","",""
"15113","i6w143","freeflow","",""
"15114","i6w144","freeflow","",""
"15115","i6w145","freeflow","",""
"15116","i6w146","freeflow","",""
"15117","i6w147","freeflow","",""
"15118","i6w148","freeflow","",""
"15119","i6w149","freeflow","",""
"15120","i6w150","freeflow","",""
"15121","i6w151","freeflow","",""
"15122","i6w152","freeflow","",""
"15123","i6w153","freeflow","",""
"15124","i6w154","freeflow","","RU"
"15125","i6w155","freeflow","",""
"15151","i6w181","freeflow","US",""
"15152","i6w182","freeflow","US",""
"15153","i6w183","freeflow","US",""
"15154","i6w184","freeflow","US",""
"15155","i6w185","freeflow","US",""
"15161","dscw141","freeflow","",""
"15163","dscw143","freeflow","",""
"15164","dscw144","freeflow","",""
"15165","dscw145","freeflow","",""
"15166","dscw146","freeflow","",""
"15167","dscw147","freeflow","",""
"15168","dscw148","freeflow","",""
"15169","dscw149","freeflow","",""
"15170","dscw150","freeflow","",""
"15171","dscw151","freeflow","",""
"15172","dscw152","freeflow","",""
"15173","dscw153","freeflow","",""
"15174","dscw154","freeflow","",""
"15175","dscw155","freeflow","",""
"15201","dscw181","freeflow","",""
"15202","dscw182","freeflow","",""
"15203","dscw183","freeflow","",""
"15204","dscw184","freeflow","",""
"15205","dscw185","freeflow","",""
"15211","api1","freeflow","",""
"15212","api2","freeflow","",""
"15213","api3","freeflow","",""
"15214","api4","freeflow","",""
"15215","api5","freeflow","",""
"15216","api6","freeflow","","RU"
"15217","api7","freeflow","","RU"
"15218","api8","freeflow","","RU"
"15219","api9","freeflow","","RU"
"15220","api10","freeflow","","RU"
"15231","i6api1","freeflow","",""
"15232","i6api2","freeflow","",""
"15233","i6api3","freeflow","",""
"15234","i6api4","freeflow","",""
"15235","i6api5","freeflow","",""
"15236","i6api6","freeflow","","RU"
"15237","i6api7","freeflow","","RU"
"15238","i6api8","freeflow","","RU"
"15239","i6api9","freeflow","","RU"
"15240","i6api10","freeflow","","RU"
"15251","dscapi1","freeflow","",""
"15252","dscapi2","freeflow","",""
"15253","dscapi3","freeflow","",""
"15254","dscapi4","freeflow","",""
"15255","dscapi5","freeflow","",""
"15256","dscapi6","freeflow","",""
"15257","dscapi7","freeflow","",""
"15258","dscapi8","freeflow","",""
"15259","dscapi9","freeflow","",""
"15260","dscapi10","freeflow","",""
"15300","s2399","essl","",""
"15301","s2400","essl","",""
"15302","s2401","essl","",""
"15303","s2402","essl","",""
"15304","s2403","essl","",""
"15305","s2404","essl","",""
"15306","s2405","essl","",""
"15307","s2406","essl","",""
"15308","s2407","essl","",""
"15309","s2408","essl","",""
"15310","s2409","essl","",""
"15311","s2410","essl","",""
"15312","s2411","essl","",""
"15313","s2412","essl","",""
"15314","s2413","essl","",""
"15315","s2414","essl","",""
"15316","s2415","essl","",""
"15317","s2416","essl","",""
"15318","s2417","essl","",""
"15319","s2418","essl","",""
"15320","s2419","essl","",""
"15321","s2420","essl","",""
"15322","s2421","essl","",""
"15323","s2422","essl","",""
"15324","s2423","essl","",""
"15325","s2424","essl","",""
"15326","s2425","essl","",""
"15327","s2426","essl","",""
"15328","s2427","essl","",""
"15329","s2428","essl","",""
"15330","s2429","essl","",""
"15331","s2430","essl","",""
"15332","s2431","essl","",""
"15333","s2432","essl","",""
"15334","s2433","essl","",""
"15335","s2434","essl","",""
"15336","s2435","essl","",""
"15337","s2436","essl","",""
"15338","s2437","essl","",""
"15339","s2438","essl","",""
"15340","s2439","essl","",""
"15341","s2440","essl","",""
"15342","s2441","essl","",""
"15343","s2442","essl","",""
"15344","s2443","essl","",""
"15345","s2444","essl","",""
"15346","s2445","essl","",""
"15347","s2446","essl","",""
"15348","s2447","essl","",""
"15349","s2448","essl","",""
"15350","s2449","essl","",""
"15351","s2450","essl","",""
"15352","s2451","essl","",""
"15353","s2452","essl","",""
"15354","s2453","essl","",""
"15355","s2454","essl","",""
"15356","s2455","essl","",""
"15357","s2456","essl","",""
"15358","s2457","essl","",""
"15359","s2458","essl","",""
"15360","s2459","essl","",""
"15361","s2460","essl","",""
"15362","s2461","essl","",""
"15363","s2462","essl","",""
"15364","s2463","essl","",""
"15365","s2464","essl","",""
"15366","s2465","essl","",""
"15367","s2466","essl","",""
"15368","s2467","essl","",""
"15369","s2468","essl","",""
"15370","s2469","essl","",""
"15371","s2470","essl","",""
"15372","s2471","essl","",""
"15373","s2472","essl","",""
"15374","s2473","essl","",""
"15375","s2474","essl","",""
"15376","s2475","essl","",""
"15377","s2476","essl","",""
"15378","s2477","essl","",""
"15379","s2478","essl","",""
"15380","s2479","essl","",""
"15381","s2480","essl","",""
"15382","s2481","essl","",""
"15383","s2482","essl","",""
"15384","s2483","essl","",""
"15385","s2484","essl","",""
"15386","s2485","essl","",""
"15387","s2486","essl","",""
"15388","s2487","essl","",""
"15389","s2488","essl","",""
"15390","s2489","essl","",""
"15391","s2490","essl","",""
"15392","s2491","essl","",""
"15393","s2492","essl","",""
"15394","s2493","essl","",""
"15395","s2494","essl","",""
"15396","s2495","essl","",""
"15397","s2496","essl","",""
"15398","s2497","essl","",""
"15399","s2498","essl","",""
"15400","s2500","essl","",""
"15401","s2501","essl","",""
"15402","s2502","essl","",""
"15403","s2503","essl","",""
"15404","s2504","essl","",""
"15405","s2505","essl","",""
"15406","s2506","essl","",""
"15407","s2507","essl","",""
"15408","s2508","essl","",""
"15409","s2509","essl","",""
"15410","s2510","essl","",""
"15411","s2511","essl","",""
"15412","s2512","essl","",""
"15413","s2513","essl","",""
"15414","s2514","essl","",""
"15415","s2515","essl","",""
"15416","s2516","essl","",""
"15417","s2517","essl","",""
"15418","s2518","essl","",""
"15419","s2519","essl","",""
"15420","s2520","essl","",""
"15421","s2521","essl","",""
"15422","s2522","essl","",""
"15423","s2523","essl","",""
"15424","s2524","essl","",""
"15425","s2525","essl","",""
"15426","s2526","essl","",""
"15427","s2527","essl","",""
"15428","s2528","essl","",""
"15429","s2529","essl","",""
"15430","s2530","essl","",""
"15431","s2531","essl","",""
"15432","s2532","essl","",""
"15433","s2533","essl","",""
"15434","s2534","essl","",""
"15435","s2535","essl","",""
"15436","s2536","essl","",""
"15437","s2537","essl","",""
"15438","s2538","essl","",""
"15439","s2539","essl","",""
"15440","s2540","essl","",""
"15441","s2541","essl","",""
"15442","s2542","essl","",""
"15443","s2543","essl","",""
"15444","s2544","essl","",""
"15445","s2545","essl","",""
"15446","s2546","essl","",""
"15447","s2547","essl","",""
"15448","s2548","essl","",""
"15449","s2549","essl","",""
"15450","s2550","essl","",""
"15451","s2551","essl","",""
"15452","s2552","essl","",""
"15453","s2553","essl","",""
"15454","s2554","essl","",""
"15455","s2555","essl","",""
"15456","s2556","essl","",""
"15457","s2557","essl","",""
"15458","s2558","essl","",""
"15459","s2559","essl","",""
"15460","s2560","essl","",""
"15461","s2561","essl","",""
"15462","s2562","essl","",""
"15463","s2563","essl","",""
"15464","s2564","essl","",""
"15465","s2565","essl","",""
"15466","s2566","essl","",""
"15467","s2567","essl","",""
"15468","s2568","essl","",""
"15469","s2569","essl","",""
"15470","s2570","essl","",""
"15471","s2571","essl","",""
"15472","s2572","essl","",""
"15473","s2573","essl","",""
"15474","s2574","essl","",""
"15475","s2575","essl","",""
"15476","s2576","essl","",""
"15477","s2577","essl","",""
"15478","s2578","essl","",""
"15479","s2579","essl","",""
"15480","s2580","essl","",""
"15481","s2581","essl","",""
"15482","s2582","essl","",""
"15483","s2583","essl","",""
"15484","s2584","essl","",""
"15485","s2585","essl","",""
"15486","s2586","essl","",""
"15487","s2587","essl","",""
"15488","s2588","essl","",""
"15489","s2589","essl","",""
"15490","s2590","essl","",""
"15491","s2591","essl","",""
"15492","s2592","essl","",""
"15493","s2593","essl","",""
"15494","s2594","essl","",""
"15495","s2595","essl","",""
"15496","s2596","essl","",""
"15497","s2597","essl","",""
"15498","s2598","essl","",""
"15499","s2599","essl","",""
"15500","s2600","essl","",""
"15501","s2601","essl","",""
"15502","s2602","essl","",""
"15503","s2603","essl","",""
"15504","s2604","essl","",""
"15505","s2605","essl","",""
"15506","s2606","essl","",""
"15507","s2607","essl","",""
"15508","s2608","essl","",""
"15509","s2609","essl","",""
"15510","s2610","essl","",""
"15511","s2611","essl","",""
"15512","s2612","essl","",""
"15513","s2613","essl","",""
"15514","s2614","essl","",""
"15515","s2615","essl","",""
"15516","s2616","essl","",""
"15517","s2617","essl","",""
"15518","s2618","essl","",""
"15519","s2619","essl","",""
"15520","s2620","essl","",""
"15521","s2621","essl","",""
"15522","s2622","essl","",""
"15523","s2623","essl","",""
"15524","s2624","essl","",""
"15525","s2625","essl","",""
"15526","s2626","essl","",""
"15527","s2627","essl","",""
"15528","s2628","essl","",""
"15529","s2629","essl","",""
"15530","s2630","essl","",""
"15531","s2631","essl","",""
"15532","s2632","essl","",""
"15533","s2633","essl","",""
"15534","s2634","essl","",""
"15535","s2635","essl","",""
"15536","s2636","essl","",""
"15537","s2637","essl","",""
"15538","s2638","essl","",""
"15539","s2639","essl","",""
"15540","s2640","essl","",""
"15541","s2641","essl","",""
"15542","s2642","essl","",""
"15543","s2643","essl","",""
"15544","s2644","essl","",""
"15545","s2645","essl","",""
"15546","s2646","essl","",""
"15547","s2647","essl","",""
"15548","s2648","essl","",""
"15549","s2649","essl","",""
"15550","s2650","essl","",""
"15551","s2651","essl","",""
"15552","s2652","essl","",""
"15553","s2653","essl","",""
"15554","s2654","essl","",""
"15555","s2655","essl","",""
"15556","s2656","essl","",""
"15557","s2657","essl","",""
"15558","s2658","essl","",""
"15559","s2659","essl","",""
"15560","s2660","essl","",""
"15561","s2661","essl","",""
"15562","s2662","essl","",""
"15563","s2663","essl","",""
"15564","s2664","essl","",""
"15565","s2665","essl","",""
"15566","s2666","essl","",""
"15567","s2667","essl","",""
"15568","s2668","essl","",""
"15569","s2669","essl","",""
"15570","s2670","essl","",""
"15571","s2671","essl","",""
"15572","s2672","essl","",""
"15573","s2673","essl","",""
"15574","s2674","essl","",""
"15575","s2675","essl","",""
"15576","s2676","essl","",""
"15577","s2677","essl","",""
"15578","s2678","essl","",""
"15579","s2679","essl","",""
"15580","s2680","essl","",""
"15581","s2681","essl","",""
"15582","s2682","essl","",""
"15583","s2683","essl","",""
"15584","s2684","essl","",""
"15585","s2685","essl","",""
"15586","s2686","essl","",""
"15587","s2687","essl","",""
"15588","s2688","essl","",""
"15589","s2689","essl","",""
"15590","s2690","essl","",""
"15591","s2691","essl","",""
"15592","s2692","essl","",""
"15593","s2693","essl","",""
"15594","s2694","essl","",""
"15595","s2695","essl","",""
"15596","s2696","essl","",""
"15597","s2697","essl","",""
"15598","s2698","essl","",""
"15599","s2699","essl","",""
"15600","s2700","essl","",""
"15601","s2701","essl","",""
"15602","s2702","essl","",""
"15603","s2703","essl","",""
"15604","s2704","essl","",""
"15605","s2705","essl","",""
"15606","s2706","essl","",""
"15607","s2707","essl","",""
"15608","s2708","essl","",""
"15609","s2709","essl","",""
"15610","s2710","essl","",""
"15611","s2711","essl","",""
"15612","s2712","essl","",""
"15613","s2713","essl","",""
"15614","s2714","essl","",""
"15615","s2715","essl","",""
"15616","s2716","essl","",""
"15617","s2717","essl","",""
"15618","s2718","essl","",""
"15619","s2719","essl","",""
"15620","s2720","essl","",""
"15621","s2721","essl","",""
"15622","s2722","essl","",""
"15623","s2723","essl","",""
"15624","s2724","essl","",""
"15625","s2725","essl","",""
"15626","s2726","essl","",""
"15627","s2727","essl","",""
"15628","s2728","essl","",""
"15629","s2729","essl","",""
"15630","s2730","essl","",""
"15631","s2731","essl","",""
"15632","s2732","essl","",""
"15633","s2733","essl","",""
"15634","s2734","essl","",""
"15635","s2735","essl","",""
"15636","s2736","essl","",""
"15637","s2737","essl","",""
"15638","s2738","essl","",""
"15639","s2739","essl","",""
"15640","s2740","essl","",""
"15641","s2741","essl","",""
"15642","s2742","essl","",""
"15643","s2743","essl","",""
"15644","s2744","essl","",""
"15645","s2745","essl","",""
"15646","s2746","essl","",""
"15647","s2747","essl","",""
"15648","s2748","essl","",""
"15649","s2749","essl","",""
"15650","s2750","essl","",""
"15651","s2751","essl","",""
"15652","s2752","essl","",""
"15653","s2753","essl","",""
"15654","s2754","essl","",""
"15655","s2755","essl","",""
"15656","s2756","essl","",""
"15657","s2757","essl","",""
"15658","s2758","essl","",""
"15659","s2759","essl","",""
"15660","s2760","essl","",""
"15661","s2761","essl","",""
"15662","s2762","essl","",""
"15663","s2763","essl","",""
"15664","s2764","essl","",""
"15665","s2765","essl","",""
"15666","s2766","essl","",""
"15667","s2767","essl","",""
"15668","s2768","essl","",""
"15669","s2769","essl","",""
"15670","s2770","essl","",""
"15671","s2771","essl","",""
"15672","s2772","essl","",""
"15673","s2773","essl","",""
"15674","s2774","essl","",""
"15675","s2775","essl","",""
"15676","s2776","essl","",""
"15677","s2777","essl","",""
"15678","s2778","essl","",""
"15679","s2779","essl","",""
"15680","s2780","essl","",""
"15681","s2781","essl","",""
"15682","s2782","essl","",""
"15683","s2783","essl","",""
"15684","s2784","essl","",""
"15685","s2785","essl","",""
"15686","s2786","essl","",""
"15687","s2787","essl","",""
"15688","s2788","essl","",""
"15689","s2789","essl","",""
"15690","s2790","essl","",""
"15691","s2791","essl","",""
"15692","s2792","essl","",""
"15693","s2793","essl","",""
"15694","s2794","essl","",""
"15695","s2795","essl","",""
"15696","s2796","essl","",""
"15697","s2797","essl","",""
"15698","s2798","essl","",""
"15699","s2799","essl","",""
"15700","api1s","essl","",""
"15701","api2s","essl","",""
"15702","api3s","essl","",""
"15703","api4s","essl","",""
"15704","api5s","essl","",""
"15705","api6s","essl","",""
"15706","api7s","essl","",""
"15707","api8s","essl","",""
"15708","api9s","essl","",""
"15709","api10s","essl","",""
"15710","api11s","essl","",""
"15711","api12s","essl","",""
"15712","api13s","essl","",""
"15713","api14s","essl","",""
"15714","api15s","essl","",""
"15720","api1w","essl","",""
"15721","api2w","essl","",""
"15722","api3w","essl","",""
"15723","api4w","essl","",""
"15724","api5w","essl","",""
"15725","api6w","essl","",""
"15726","api7w","essl","",""
"15727","api8w","essl","",""
"15728","api9w","essl","",""
"15729","api10w","essl","",""
"15730","api11w","essl","",""
"15731","api12w","essl","",""
"15732","api13w","essl","",""
"15733","api14w","essl","",""
"15734","api15w","essl","",""
"15800","s2955","essl","",""
"15801","s2956","essl","",""
"15802","s2957","essl","",""
"15803","s2958","essl","",""
"15804","s2959","essl","",""
"15805","s2960","essl","",""
"15806","s2961","essl","",""
"15807","s2962","essl","",""
"15808","s2963","essl","",""
"15809","s2964","essl","",""
"15810","s2965","essl","",""
"15811","s2966","essl","",""
"15812","s2967","essl","",""
"15813","s2968","essl","",""
"15814","s2969","essl","",""
"15815","s2970","essl","",""
"15816","s2971","essl","",""
"15817","s2972","essl","",""
"15818","s2973","essl","",""
"15819","s2974","essl","",""
"15820","s2975","essl","",""
"15821","s2976","essl","",""
"15822","s2977","essl","",""
"15823","s2978","essl","",""
"15824","s2979","essl","",""
"15825","s2980","essl","",""
"15826","s2981","essl","",""
"15827","s2982","essl","",""
"15828","s2983","essl","",""
"15829","s2984","essl","",""
"15830","s2985","essl","",""
"15831","s2986","essl","",""
"15832","s2987","essl","",""
"15833","s2988","essl","",""
"15834","s2989","essl","",""
"15835","s2990","essl","",""
"15836","s2991","essl","",""
"15837","s2992","essl","",""
"15838","s2993","essl","",""
"15839","s2994","essl","",""
"15840","s2995","essl","",""
"15841","s2996","essl","",""
"15842","s2997","essl","",""
"15843","s2998","essl","",""
"15844","s2999","essl","",""
"15845","s3000","essl","",""
"15846","s3001","essl","",""
"15847","s3002","essl","",""
"15848","s3003","essl","",""
"15849","s3004","essl","",""
"15850","s3005","essl","",""
"15851","s3006","essl","",""
"15852","s3007","essl","",""
"15853","s3008","essl","",""
"15854","s3009","essl","",""
"15855","s3010","essl","",""
"15856","s3011","essl","",""
"15857","s3012","essl","",""
"15858","s3013","essl","",""
"15859","s3014","essl","",""
"15860","s3015","essl","",""
"15861","s3016","essl","",""
"15862","s3017","essl","",""
"15863","s3018","essl","",""
"15864","s3019","essl","",""
"15865","s3020","essl","",""
"15866","s3021","essl","",""
"15867","s3022","essl","",""
"15868","s3023","essl","",""
"15869","s3024","essl","",""
"15870","s3025","essl","",""
"15871","s3026","essl","",""
"15872","s3027","essl","",""
"15873","s3028","essl","",""
"15874","s3029","essl","",""
"15875","s3030","essl","",""
"15876","s3031","essl","",""
"15877","s3032","essl","",""
"15878","s3033","essl","",""
"15879","s3034","essl","",""
"15880","s3035","essl","",""
"15881","s3036","essl","",""
"15882","s3037","essl","",""
"15883","s3038","essl","",""
"15884","s3039","essl","",""
"15885","s3040","essl","",""
"15886","s3041","essl","",""
"15887","s3042","essl","",""
"15888","s3043","essl","",""
"15889","s3044","essl","",""
"15890","s3045","essl","",""
"15891","s3046","essl","",""
"15892","s3047","essl","",""
"15893","s3048","essl","",""
"15894","s3049","essl","",""
"15895","s3050","essl","",""
"15896","s3051","essl","",""
"15897","s3052","essl","",""
"15898","s3053","essl","",""
"15899","s3054","essl","",""
"15900","s3055","essl","",""
"15901","s3056","essl","",""
"15902","s3057","essl","",""
"15903","s3058","essl","",""
"15904","s3059","essl","",""
"15905","s3060","essl","",""
"15906","s3061","essl","",""
"15907","s3062","essl","",""
"15908","s3063","essl","",""
"15909","s3064","essl","",""
"15910","s3065","essl","",""
"15911","s3066","essl","",""
"15912","s3067","essl","",""
"15913","s3068","essl","",""
"15914","s3069","essl","",""
"15915","s3070","essl","",""
"15916","s3071","essl","",""
"15917","s3072","essl","",""
"15918","s3073","essl","",""
"15919","s3074","essl","",""
"15920","s3075","essl","",""
"15921","s3076","essl","",""
"15922","s3077","essl","",""
"15923","s3078","essl","",""
"15924","s3079","essl","",""
"15925","s3080","essl","",""
"15926","s3081","essl","",""
"15927","s3082","essl","",""
"15928","s3083","essl","",""
"15929","s3084","essl","",""
"15930","s3085","essl","",""
"15931","s3086","essl","",""
"15932","s3087","essl","",""
"15933","s3088","essl","",""
"15934","s3089","essl","",""
"15935","s3090","essl","",""
"15936","s3091","essl","",""
"15937","s3092","essl","",""
"15938","s3093","essl","",""
"15939","s3094","essl","",""
"15940","s3095","essl","",""
"15941","s3096","essl","",""
"15942","s3097","essl","",""
"15943","s3098","essl","",""
"15944","s3099","essl","",""
"15945","s3100","essl","",""
"15946","s3101","essl","",""
"15947","s3102","essl","",""
"15948","s3103","essl","",""
"15949","s3104","essl","",""
"15950","s3105","essl","",""
"15951","s3106","essl","",""
"15952","s3107","essl","",""
"15953","s3108","essl","",""
"15954","s3109","essl","",""
"15955","s3110","essl","",""
"15956","s3111","essl","",""
"15957","s3112","essl","",""
"15958","s3113","essl","",""
"15959","s3114","essl","",""
"15960","s3115","essl","",""
"15961","s3116","essl","",""
"15962","s3117","essl","",""
"15963","s3118","essl","",""
"15964","s3119","essl","",""
"15965","s3120","essl","",""
"15966","s3121","essl","",""
"15967","s3122","essl","",""
"15968","s3123","essl","",""
"15969","s3124","essl","",""
"15970","s3125","essl","",""
"15971","s3126","essl","",""
"15972","s3127","essl","",""
"15973","s3128","essl","",""
"15974","s3129","essl","",""
"15975","s3130","essl","",""
"15976","s3131","essl","",""
"15977","s3132","essl","",""
"15978","s3133","essl","",""
"15979","s3134","essl","",""
"15980","s3135","essl","",""
"15981","s3136","essl","",""
"15982","s3137","essl","",""
"15983","s3138","essl","",""
"15984","s3139","essl","",""
"15985","s3140","essl","",""
"15986","s3141","essl","",""
"15987","s3142","essl","",""
"15988","s3143","essl","",""
"15989","s3144","essl","",""
"15990","s3145","essl","",""
"15991","s3146","essl","",""
"15992","s3147","essl","",""
"15993","s3148","essl","",""
"15994","s3149","essl","",""
"15995","s3150","essl","",""
"15996","s3151","essl","",""
"15997","s3152","essl","",""
"15998","s3153","essl","",""
"15999","s3154","essl","",""
"16000","gdsi0","freeflow","EU_V1",""
"16001","gdsi1","freeflow","US",""
"16002","gdsi2","freeflow","IN",""
"16003","gdsi3","freeflow","EU_V1",""
"16004","gdsi4","freeflow","US",""
"16005","gdsi5","freeflow","IN",""
"16006","gdsi6","freeflow","EU_V1",""
"16007","gdsi7","freeflow","US",""
"16008","gdsi8","freeflow","IN",""
"16009","gdsi9","freeflow","EU_V1",""
"16010","gdsi10","freeflow","US",""
"16011","gdsi11","freeflow","IN",""
"16012","gdsi12","freeflow","EU_V1",""
"16013","gdsi13","freeflow","US",""
"16014","gdsi14","freeflow","IN",""
"16015","gdsi15","freeflow","EU_V1",""
"16016","gdsi16","freeflow","US",""
"16017","gdsi17","freeflow","IN",""
"16018","gdsi18","freeflow","EU_V1",""
"16019","gdsi19","freeflow","US",""
"16020","gdsi20","freeflow","IN",""
"16021","gdsi21","freeflow","EU",""
"16022","gdsi22","freeflow","EU",""
"16023","gdsi23","freeflow","EU",""
"16024","gdsi24","freeflow","EU",""
"16025","gdsi25","freeflow","EU",""
"16026","gdsi26","freeflow","EU",""
"16027","gdsi27","freeflow","EU",""
"16070","i6gdsi0","freeflow","EU_V1",""
"16071","i6gdsi1","freeflow","US",""
"16072","i6gdsi2","freeflow","IN",""
"16073","i6gdsi3","freeflow","EU_V1",""
"16074","i6gdsi4","freeflow","US",""
"16075","i6gdsi5","freeflow","IN",""
"16076","i6gdsi6","freeflow","EU_V1",""
"16077","i6gdsi7","freeflow","US",""
"16078","i6gdsi8","freeflow","IN",""
"16079","i6gdsi9","freeflow","EU_V1",""
"16080","i6gdsi10","freeflow","US",""
"16081","i6gdsi11","freeflow","IN",""
"16082","i6gdsi12","freeflow","EU_V1",""
"16083","i6gdsi13","freeflow","US",""
"16084","i6gdsi14","freeflow","IN",""
"16085","i6gdsi15","freeflow","EU_V1",""
"16086","i6gdsi16","freeflow","US",""
"16087","i6gdsi17","freeflow","IN",""
"16088","i6gdsi18","freeflow","EU_V1",""
"16089","i6gdsi19","freeflow","US",""
"16090","i6gdsi20","freeflow","IN",""
"16091","i6gdsi21","freeflow","EU",""
"16092","i6gdsi22","freeflow","EU",""
"16093","i6gdsi23","freeflow","EU",""
"16094","i6gdsi24","freeflow","EU",""
"16095","i6gdsi25","freeflow","EU",""
"16096","i6gdsi26","freeflow","EU",""
"16097","i6gdsi27","freeflow","EU",""
"16140","gdsi0","essl","EU_V1",""
"16141","gdsi1","essl","US",""
"16142","gdsi2","essl","IN",""
"16143","gdsi3","essl","EU_V1",""
"16144","gdsi4","essl","US",""
"16145","gdsi5","essl","IN",""
"16146","gdsi6","essl","EU_V1",""
"16147","gdsi7","essl","US",""
"16148","gdsi8","essl","IN",""
"16149","gdsi9","essl","EU_V1",""
"16150","gdsi10","essl","US",""
"16151","gdsi11","essl","IN",""
"16152","gdsi12","essl","EU_V1",""
"16153","gdsi13","essl","US",""
"16154","gdsi14","essl","IN",""
"16155","gdsi15","essl","EU_V1",""
"16156","gdsi16","essl","US",""
"16157","gdsi17","essl","IN",""
"16158","gdsi18","essl","EU",""
"16159","gdsi19","essl","EU",""
"16160","gdsi20","essl","EU",""
"16161","gdsi21","essl","EU",""
"16162","gdsi22","essl","EU",""
"16163","gdsi23","essl","EU",""
"16210","i6gdsi0","essl","EU_V1",""
"16211","i6gdsi1","essl","US",""
"16212","i6gdsi2","essl","IN",""
"16213","i6gdsi3","essl","EU_V1",""
"16214","i6gdsi4","essl","US",""
"16215","i6gdsi5","essl","IN",""
"16216","i6gdsi6","essl","EU_V1",""
"16217","i6gdsi7","essl","US",""
"16218","i6gdsi8","essl","IN",""
"16219","i6gdsi9","essl","EU_V1",""
"16220","i6gdsi10","essl","US",""
"16221","i6gdsi11","essl","IN",""
"16222","i6gdsi12","essl","EU_V1",""
"16223","i6gdsi13","essl","US",""
"16224","i6gdsi14","essl","IN",""
"16225","i6gdsi15","essl","EU_V1",""
"16226","i6gdsi16","essl","US",""
"16227","i6gdsi17","essl","IN",""
"16228","i6gdsi18","essl","EU",""
"16229","i6gdsi19","essl","EU",""
"16230","i6gdsi20","essl","EU",""
"16231","i6gdsi21","essl","EU",""
"16232","i6gdsi22","essl","EU",""
"16233","i6gdsi23","essl","EU",""
"16384","ad-cet","quill","",""
"16385","ae-gst","quill","",""
"16386","af-aft","quill","",""
"16387","ag-ast","quill","",""
"16388","ai-ast","quill","",""
"16389","al-cet","quill","",""
"16390","am-amt","quill","",""
"16391","ao-gmt","quill","",""
"16392","aq-gmt","quill","",""
"16393","ar-art","quill","",""
"16394","as-sst","quill","",""
"16395","at-cet","quill","",""
"16396","au-acst","quill","",""
"16397","au-acwst","quill","",""
"16398","au-aest","quill","",""
"16399","au-awst","quill","",""
"16400","au-lhdt","quill","",""
"16401","aw-ast","quill","",""
"16402","ax-eet","quill","",""
"16403","az-azt","quill","",""
"16404","ba-cet","quill","",""
"16405","bb-ast","quill","",""
"16406","bd-bst","quill","",""
"16407","be-cet","quill","",""
"16408","bf-gmt","quill","",""
"16409","bg-eet","quill","",""
"16410","bh-ast","quill","",""
"16411","bi-cat","quill","",""
"16412","bj-gmt","quill","",""
"16413","bl-ast","quill","",""
"16414","bm-ast","quill","",""
"16415","bn-bnt","quill","",""
"16416","bo-bot","quill","",""
"16417","bq-ant","quill","",""
"16418","br-act","quill","",""
"16419","br-amt","quill","",""
"16420","br-brt","quill","",""
"16421","br-fnt","quill","",""
"16422","bs-est","quill","",""
"16423","bt-btt","quill","",""
"16424","bw-cat","quill","",""
"16425","by-eet","quill","",""
"16426","bz-cst","quill","",""
"16427","ca-ast","quill","",""
"16428","ca-cst","quill","",""
"16429","ca-est","quill","",""
"16430","ca-mst","quill","",""
"16431","ca-nst","quill","",""
"16432","ca-pst","quill","",""
"16433","cd-cat","quill","",""
"16434","cd-wat","quill","",""
"16435","cf-gmt","quill","",""
"16436","cg-gmt","quill","",""
"16437","ch-cet","quill","",""
"16438","ci-gmt","quill","",""
"16439","ck-ckt","quill","",""
"16440","cl-clt","quill","",""
"16441","cl-east","quill","",""
"16442","cm-gmt","quill","",""
"16443","cn-cst","quill","",""
"16444","cn-urut","quill","",""
"16445","co-cot","quill","",""
"16446","cr-cst","quill","",""
"16448","cv-cvt","quill","",""
"16449","cy-eet","quill","",""
"16450","cz-cet","quill","",""
"16451","de-cet","quill","",""
"16452","dj-eat","quill","",""
"16453","dk-cet","quill","",""
"16454","dm-ast","quill","",""
"16455","do-ast","quill","",""
"16456","dz-wet","quill","",""
"16458","ec-galt","quill","",""
"16459","ee-eet","quill","",""
"16460","eg-eet","quill","",""
"16461","er-eat","quill","",""
"16462","es-cet","quill","",""
"16463","es-wet","quill","",""
"16464","et-eat","quill","",""
"16465","fi-eet","quill","",""
"16466","fj-fjt","quill","",""
"16467","fm-chut","quill","",""
"16468","fm-kost","quill","",""
"16469","fo-wet","quill","",""
"16470","fr-cet","quill","",""
"16471","ga-gmt","quill","",""
"16472","gd-ast","quill","",""
"16473","ge-get","quill","",""
"16474","gf-gft","quill","",""
"16475","gg-gmt","quill","",""
"16476","gh-gmt","quill","",""
"16477","gi-cet","quill","",""
"16478","gl-ast","quill","",""
"16479","gl-egt","quill","",""
"16480","gl-gmt","quill","",""
"16481","gl-wgt","quill","",""
"16482","gm-gmt","quill","",""
"16483","gn-gmt","quill","",""
"16484","gp-ast","quill","",""
"16485","gq-gmt","quill","",""
"16486","gr-eet","quill","",""
"16487","gt-cst","quill","",""
"16488","gu-chst","quill","",""
"16489","gw-gmt","quill","",""
"16490","gy-gyt","quill","",""
"16491","hk-hkt","quill","",""
"16492","hn-cst","quill","",""
"16493","hr-cet","quill","",""
"16494","ht-est","quill","",""
"16495","hu-cet","quill","",""
"16496","id-wib","quill","",""
"16497","id-wit","quill","",""
"16498","id-wita","quill","",""
"16499","ie-gmt","quill","",""
"16500","il-ist","quill","",""
"16501","im-gmt","quill","",""
"16502","in-ist","quill","",""
"16503","io-iot","quill","",""
"16504","iq-ast","quill","",""
"16506","is-ist","quill","",""
"16507","it-cet","quill","",""
"16508","je-gmt","quill","",""
"16509","jm-est","quill","",""
"16510","jo-eet","quill","",""
"16511","jp-jst","quill","",""
"16512","ke-eat","quill","",""
"16513","kg-kgt","quill","",""
"16514","kh-ict","quill","",""
"16515","ki-gilt","quill","",""
"16516","ki-lint","quill","",""
"16517","ki-phot","quill","",""
"16518","km-eat","quill","",""
"16519","kn-ast","quill","",""
"16520","kr-kst","quill","",""
"16521","kw-ast","quill","",""
"16522","ky-est","quill","",""
"16523","kz-almt","quill","",""
"16524","kz-orat","quill","",""
"16525","la-ict","quill","",""
"16526","lb-eet","quill","",""
"16527","li-cet","quill","",""
"16528","lk-ist","quill","",""
"16529","lr-gmt","quill","",""
"16530","ls-sast","quill","",""
"16531","lt-eet","quill","",""
"16532","lu-cet","quill","",""
"16533","lv-eet","quill","",""
"16534","ly-eet","quill","",""
"16535","ma-wet","quill","",""
"16536","mc-cet","quill","",""
"16537","md-eet","quill","",""
"16538","me-cet","quill","",""
"16539","mf-ast","quill","",""
"16540","mg-eat","quill","",""
"16541","mh-mht","quill","",""
"16542","mk-cet","quill","",""
"16543","ml-gmt","quill","",""
"16544","mm-jst","quill","",""
"16545","mn-hovt","quill","",""
"16546","mn-ulat","quill","",""
"16547","mo-cst","quill","",""
"16548","mp-chst","quill","",""
"16549","mr-gmt","quill","",""
"16550","ms-ast","quill","",""
"16551","mt-cet","quill","",""
"16552","mu-mut","quill","",""
"16553","mv-mvt","quill","",""
"16554","mw-cat","quill","",""
"16555","mx-cst","quill","",""
"16556","mx-est","quill","",""
"16557","mx-mst","quill","",""
"16558","mx-pst","quill","",""
"16559","my-myt","quill","",""
"16560","mz-cat","quill","",""
"16561","na-cat","quill","",""
"16562","nc-nct","quill","",""
"16563","ne-gmt","quill","",""
"16564","nf-nft","quill","",""
"16565","ng-gmt","quill","",""
"16566","ni-cst","quill","",""
"16567","nl-cet","quill","",""
"16568","no-cet","quill","",""
"16569","np-npt","quill","",""
"16570","nr-nrt","quill","",""
"16571","nu-nut","quill","",""
"16572","nz-chast","quill","",""
"16573","nz-nzst","quill","",""
"16574","om-gst","quill","",""
"16575","pa-est","quill","",""
"16576","pe-pet","quill","",""
"16577","pf-gamt","quill","",""
"16578","pf-mart","quill","",""
"16579","pf-taht","quill","",""
"16580","pg-bst","quill","",""
"16581","pg-pgt","quill","",""
"16583","pk-pkt","quill","",""
"16584","pl-cet","quill","",""
"16585","pm-pmdt","quill","",""
"16586","pr-ast","quill","",""
"16587","ps-eet","quill","",""
"16588","pt-azot","quill","",""
"16589","pt-wet","quill","",""
"16590","pw-pwt","quill","",""
"16591","py-pyt","quill","",""
"16592","qa-ast","quill","",""
"16593","re-ret","quill","",""
"16594","ro-eet","quill","",""
"16595","rs-cet","quill","",""
"16596","ru-anat","quill","",""
"16597","ru-eet","quill","",""
"16598","ru-irkt","quill","",""
"16599","ru-krat","quill","",""
"16600","ru-magt","quill","",""
"16601","ru-msk","quill","",""
"16602","ru-omst","quill","",""
"16603","ru-samt","quill","",""
"16604","ru-vlat","quill","",""
"16605","ru-yakt","quill","",""
"16606","ru-yekt","quill","",""
"16607","rw-cat","quill","",""
"16608","sa-ast","quill","",""
"16609","sb-sbt","quill","",""
"16610","sc-sct","quill","",""
"16611","sd-eat","quill","",""
"16612","se-cet","quill","",""
"16613","sg-sst","quill","",""
"16614","si-cet","quill","",""
"16615","sk-cet","quill","",""
"16616","sl-gmt","quill","",""
"16617","sm-cet","quill","",""
"16618","sn-gmt","quill","",""
"16619","so-eat","quill","",""
"16620","sr-srt","quill","",""
"16621","ss-eat","quill","",""
"16622","st-gmt","quill","",""
"16623","sv-cst","quill","",""
"16625","sz-sast","quill","",""
"16626","tc-est","quill","",""
"16627","td-wat","quill","",""
"16628","tg-gmt","quill","",""
"16629","th-ict","quill","",""
"16630","tj-tjt","quill","",""
"16631","tk-tkt","quill","",""
"16632","tl-tlt","quill","",""
"16633","tm-tmt","quill","",""
"16634","tn-cet","quill","",""
"16635","to-tot","quill","",""
"16636","tr-eet","quill","",""
"16637","tt-ast","quill","",""
"16638","tv-tvt","quill","",""
"16639","tw-cst","quill","",""
"16640","tz-eat","quill","",""
"16641","ua-eet","quill","",""
"16642","ug-eat","quill","",""
"16644","us-akst","quill","",""
"16645","us-cst","quill","",""
"16646","us-est","quill","",""
"16647","us-hst","quill","",""
"16648","us-mst","quill","",""
"16649","us-pst","quill","",""
"16650","uy-uyt","quill","",""
"16651","uz-uzt","quill","",""
"16652","va-cet","quill","",""
"16653","vc-ast","quill","",""
"16654","ve-vet","quill","",""
"16655","vg-ast","quill","",""
"16656","vi-ast","quill","",""
"16657","vn-idt","quill","",""
"16658","vu-vut","quill","",""
"16659","wf-wft","quill","",""
"16660","ws-wst","quill","",""
"16661","ye-ast","quill","",""
"16662","yt-eat","quill","",""
"16663","za-sast","quill","",""
"16664","zm-cat","quill","",""
"16665","zw-cat","quill","",""
"16666","gb-gmt","quill","",""
"16667","ec-est","quill","",""
"16668","ph-pht","quill","",""
"16670","us-eststg","quill","",""
"16671","us-pststg","quill","",""
"16672","cw-ast","quill","",""
"16673","fk-ast","quill","",""
"16674","mq-ast","quill","",""
"16675","sx-ast","quill","",""
"16676","lc-ast","quill","",""
"18700","s3155","essl","",""
"18701","s3156","essl","",""
"18702","s3157","essl","",""
"18703","s3158","essl","",""
"18704","s3159","essl","",""
"18705","s3160","essl","",""
"18706","s3161","essl","",""
"18707","s3162","essl","",""
"18708","s3163","essl","",""
"18709","s3164","essl","",""
"18710","s3165","essl","",""
"18711","s3166","essl","",""
"18712","s3167","essl","",""
"18713","s3168","essl","",""
"18714","s3169","essl","",""
"18715","s3170","essl","",""
"18716","s3171","essl","",""
"18717","s3172","essl","",""
"18718","s3173","essl","",""
"18719","s3174","essl","",""
"18720","s3175","essl","",""
"18721","s3176","essl","",""
"18722","s3177","essl","",""
"18723","s3178","essl","",""
"18724","s3179","essl","",""
"18725","s3180","essl","",""
"18726","s3181","essl","",""
"18727","s3182","essl","",""
"18728","s3183","essl","",""
"18729","s3184","essl","",""
"18730","s3185","essl","",""
"18731","s3186","essl","",""
"18732","s3187","essl","",""
"18733","s3188","essl","",""
"18734","s3189","essl","",""
"18735","s3190","essl","",""
"18736","s3191","essl","",""
"18737","s3192","essl","",""
"18738","s3193","essl","",""
"18739","s3194","essl","",""
"18740","s3195","essl","",""
"18741","s3196","essl","",""
"18742","s3197","essl","",""
"18743","s3198","essl","",""
"18744","s3199","essl","",""
"18745","s3200","essl","",""
"18746","s3201","essl","",""
"18747","s3202","essl","",""
"18748","s3203","essl","",""
"18749","s3204","essl","",""
"18750","s3205","essl","",""
"18751","s3206","essl","",""
"18752","s3207","essl","",""
"18753","s3208","essl","",""
"18754","s3209","essl","",""
"18755","s3210","essl","",""
"18756","s3211","essl","",""
"18757","s3212","essl","",""
"18758","s3213","essl","",""
"18759","s3214","essl","",""
"18760","s3215","essl","",""
"18761","s3216","essl","",""
"18762","s3217","essl","",""
"18763","s3218","essl","",""
"18764","s3219","essl","",""
"18765","s3220","essl","",""
"18766","s3221","essl","",""
"18767","s3222","essl","",""
"18768","s3223","essl","",""
"18769","s3224","essl","",""
"18770","s3225","essl","",""
"18771","s3226","essl","",""
"18772","s3227","essl","",""
"18773","s3228","essl","",""
"18774","s3229","essl","",""
"18775","s3230","essl","",""
"18776","s3231","essl","",""
"18777","s3232","essl","",""
"18778","s3233","essl","",""
"18779","s3234","essl","",""
"18780","s3235","essl","",""
"18781","s3236","essl","",""
"18782","s3237","essl","",""
"18783","s3238","essl","",""
"18784","s3239","essl","",""
"18785","s3240","essl","",""
"18786","s3241","essl","",""
"18787","s3242","essl","",""
"18788","s3243","essl","",""
"18789","s3244","essl","",""
"18790","s3245","essl","",""
"18791","s3246","essl","",""
"18792","s3247","essl","",""
"18793","s3248","essl","",""
"18794","s3249","essl","",""
"18795","s3250","essl","",""
"18796","s3251","essl","",""
"18797","s3252","essl","",""
"18798","s3253","essl","",""
"18799","s3254","essl","",""
"18800","s3255","essl","",""
"18801","s3256","essl","",""
"18802","s3257","essl","",""
"18803","s3258","essl","",""
"18804","s3259","essl","",""
"18805","s3260","essl","",""
"18806","s3261","essl","",""
"18807","s3262","essl","",""
"18808","s3263","essl","",""
"18809","s3264","essl","",""
"18810","s3265","essl","",""
"18811","s3266","essl","",""
"18812","s3267","essl","",""
"18813","s3268","essl","",""
"18814","s3269","essl","",""
"18815","s3270","essl","",""
"18816","s3271","essl","",""
"18817","s3272","essl","",""
"18818","s3273","essl","",""
"18819","s3274","essl","",""
"18820","s3275","essl","",""
"18821","s3276","essl","",""
"18822","s3277","essl","",""
"18823","s3278","essl","",""
"18824","s3279","essl","",""
"18825","s3280","essl","",""
"18826","s3281","essl","",""
"18827","s3282","essl","",""
"18828","s3283","essl","",""
"18829","s3284","essl","",""
"18830","s3285","essl","",""
"18831","s3286","essl","",""
"18832","s3287","essl","",""
"18833","s3288","essl","",""
"18834","s3289","essl","",""
"18835","s3290","essl","",""
"18836","s3291","essl","",""
"18837","s3292","essl","",""
"18838","s3293","essl","",""
"18839","s3294","essl","",""
"18840","s3295","essl","",""
"18841","s3296","essl","",""
"18842","s3297","essl","",""
"18843","s3298","essl","",""
"18844","s3299","essl","",""
"18845","s3300","essl","",""
"18846","s3301","essl","",""
"18847","s3302","essl","",""
"18848","s3303","essl","",""
"18849","s3304","essl","",""
"18850","s3305","essl","",""
"18851","s3306","essl","",""
"18852","s3307","essl","",""
"18853","s3308","essl","",""
"18854","s3309","essl","",""
"18855","s3310","essl","",""
"18856","s3311","essl","",""
"18857","s3312","essl","",""
"18858","s3313","essl","",""
"18859","s3314","essl","",""
"18860","s3315","essl","",""
"18861","s3316","essl","",""
"18862","s3317","essl","",""
"18863","s3318","essl","",""
"18864","s3319","essl","",""
"18865","s3320","essl","",""
"18866","s3321","essl","",""
"18867","s3322","essl","",""
"18868","s3323","essl","",""
"18869","s3324","essl","",""
"18870","s3325","essl","",""
"18871","s3326","essl","",""
"18872","s3327","essl","",""
"18873","s3328","essl","",""
"18874","s3329","essl","",""
"18875","s3330","essl","",""
"18876","s3331","essl","",""
"18877","s3332","essl","",""
"18878","s3333","essl","",""
"18879","s3334","essl","",""
"18880","s3335","essl","",""
"18881","s3336","essl","",""
"18882","s3337","essl","",""
"18883","s3338","essl","",""
"18884","s3339","essl","",""
"18885","s3340","essl","",""
"18886","s3341","essl","",""
"18887","s3342","essl","",""
"18888","s3343","essl","",""
"18889","s3344","essl","",""
"18890","s3345","essl","",""
"18891","s3346","essl","",""
"18892","s3347","essl","",""
"18893","s3348","essl","",""
"18894","s3349","essl","",""
"18895","s3350","essl","",""
"18896","s3351","essl","",""
"18897","s3352","essl","",""
"18898","s3353","essl","",""
"18899","s3354","essl","",""
"18900","s3355","essl","",""
"18901","s3356","essl","",""
"18902","s3357","essl","",""
"18903","s3358","essl","",""
"18904","s3359","essl","",""
"18905","s3360","essl","",""
"18906","s3361","essl","",""
"18907","s3362","essl","",""
"18908","s3363","essl","",""
"18909","s3364","essl","",""
"18910","s3365","essl","",""
"18911","s3366","essl","",""
"18912","s3367","essl","",""
"18913","s3368","essl","",""
"18914","s3369","essl","",""
"18915","s3370","essl","",""
"18916","s3371","essl","",""
"18917","s3372","essl","",""
"18918","s3373","essl","",""
"18919","s3374","essl","",""
"18920","s3375","essl","",""
"18921","s3376","essl","",""
"18922","s3377","essl","",""
"18923","s3378","essl","",""
"18924","s3379","essl","",""
"18925","s3380","essl","",""
"18926","s3381","essl","",""
"18927","s3382","essl","",""
"18928","s3383","essl","",""
"18929","s3384","essl","",""
"18930","s3385","essl","",""
"18931","s3386","essl","",""
"18932","s3387","essl","",""
"18933","s3388","essl","",""
"18934","s3389","essl","",""
"18935","s3390","essl","",""
"18936","s3391","essl","",""
"18937","s3392","essl","",""
"18938","s3393","essl","",""
"18939","s3394","essl","",""
"18940","s3395","essl","",""
"18941","s3396","essl","",""
"18942","s3397","essl","",""
"18943","s3398","essl","",""
"18944","s3399","essl","",""
"18945","s3400","essl","",""
"18946","s3401","essl","",""
"18947","s3402","essl","",""
"18948","s3403","essl","",""
"18949","s3404","essl","",""
"18950","s3405","essl","",""
"18951","s3406","essl","",""
"18952","s3407","essl","",""
"18953","s3408","essl","",""
"18954","s3409","essl","",""
"18955","s3410","essl","",""
"18956","s3411","essl","",""
"18957","s3412","essl","",""
"18958","s3413","essl","",""
"18959","s3414","essl","",""
"18960","s3415","essl","",""
"18961","s3416","essl","",""
"18962","s3417","essl","",""
"18963","s3418","essl","",""
"18964","s3419","essl","",""
"18965","s3420","essl","",""
"18966","s3421","essl","",""
"18967","s3422","essl","",""
"18968","s3423","essl","",""
"18969","s3424","essl","",""
"18970","s3425","essl","",""
"18971","s3426","essl","",""
"18972","s3427","essl","",""
"18973","s3428","essl","",""
"18974","s3429","essl","",""
"18975","s3430","essl","",""
"18976","s3431","essl","",""
"18977","s3432","essl","",""
"18978","s3433","essl","",""
"18979","s3434","essl","",""
"18980","s3435","essl","",""
"18981","s3436","essl","",""
"18982","s3437","essl","",""
"18983","s3438","essl","",""
"18984","s3439","essl","",""
"18985","s3440","essl","",""
"18986","s3441","essl","",""
"18987","s3442","essl","",""
"18988","s3443","essl","",""
"18989","s3444","essl","",""
"18990","s3445","essl","",""
"18991","s3446","essl","",""
"18992","s3447","essl","",""
"18993","s3448","essl","",""
"18994","s3449","essl","",""
"18995","s3450","essl","",""
"18996","s3451","essl","",""
"18997","s3452","essl","",""
"18998","s3453","essl","",""
"18999","s3454","essl","",""
"19000","s3455","essl","",""
"19001","s3456","essl","",""
"19002","s3457","essl","",""
"19003","s3458","essl","",""
"19004","s3459","essl","",""
"19005","s3460","essl","",""
"19006","s3461","essl","",""
"19007","s3462","essl","",""
"19008","s3463","essl","",""
"19009","s3464","essl","",""
"19010","s3465","essl","",""
"19011","s3466","essl","",""
"19012","s3467","essl","",""
"19013","s3468","essl","",""
"19014","s3469","essl","",""
"19015","s3470","essl","",""
"19016","s3471","essl","",""
"19017","s3472","essl","",""
"19018","s3473","essl","",""
"19019","s3474","essl","",""
"19020","s3475","essl","",""
"19021","s3476","essl","",""
"19022","s3477","essl","",""
"19023","s3478","essl","",""
"19024","s3479","essl","",""
"19025","s3480","essl","",""
"19026","s3481","essl","",""
"19027","s3482","essl","",""
"19028","s3483","essl","",""
"19029","s3484","essl","",""
"19030","s3485","essl","",""
"19031","s3486","essl","",""
"19032","s3487","essl","",""
"19033","s3488","essl","",""
"19034","s3489","essl","",""
"19035","s3490","essl","",""
"19036","s3491","essl","",""
"19037","s3492","essl","",""
"19038","s3493","essl","",""
"19039","s3494","essl","",""
"19040","s3495","essl","",""
"19041","s3496","essl","",""
"19042","s3497","essl","",""
"19043","s3498","essl","",""
"19044","s3499","essl","",""
"19045","s3500","essl","",""
"19046","s3501","essl","",""
"19047","s3502","essl","",""
"19048","s3503","essl","",""
"19049","s3504","essl","",""
"19050","s3505","essl","",""
"19051","s3506","essl","",""
"19052","s3507","essl","",""
"19053","s3508","essl","",""
"19054","s3509","essl","",""
"19055","s3510","essl","",""
"19056","s3511","essl","",""
"19057","s3512","essl","",""
"19058","s3513","essl","",""
"19059","s3514","essl","",""
"19060","s3515","essl","",""
"19061","s3516","essl","",""
"19062","s3517","essl","",""
"19063","s3518","essl","",""
"19064","s3519","essl","",""
"19065","s3520","essl","",""
"19066","s3521","essl","",""
"19067","s3522","essl","",""
"19068","s3523","essl","",""
"19069","s3524","essl","",""
"19070","s3525","essl","",""
"19071","s3526","essl","",""
"19072","s3527","essl","",""
"19073","s3528","essl","",""
"19074","s3529","essl","",""
"19075","s3530","essl","",""
"19076","s3531","essl","",""
"19077","s3532","essl","",""
"19078","s3533","essl","",""
"19079","s3534","essl","",""
"19080","s3535","essl","",""
"19081","s3536","essl","",""
"19082","s3537","essl","",""
"19083","s3538","essl","",""
"19084","s3539","essl","",""
"19085","s3540","essl","",""
"19086","s3541","essl","",""
"19087","s3542","essl","",""
"19088","s3543","essl","",""
"19089","s3544","essl","",""
"19090","s3545","essl","",""
"19091","s3546","essl","",""
"19092","s3547","essl","",""
"19093","s3548","essl","",""
"19094","s3549","essl","",""
"19095","s3550","essl","",""
"19096","s3551","essl","",""
"19097","s3552","essl","",""
"19098","s3553","essl","",""
"19099","s3554","essl","",""
"19100","s3555","essl","",""
"19101","s3556","essl","",""
"19102","s3557","essl","",""
"19103","s3558","essl","",""
"19104","s3559","essl","",""
"19105","s3560","essl","",""
"19106","s3561","essl","",""
"19107","s3562","essl","",""
"19108","s3563","essl","",""
"19109","s3564","essl","",""
"19110","s3565","essl","",""
"19111","s3566","essl","",""
"19112","s3567","essl","",""
"19113","s3568","essl","",""
"19114","s3569","essl","",""
"19115","s3570","essl","",""
"19116","s3571","essl","",""
"19117","s3572","essl","",""
"19118","s3573","essl","",""
"19119","s3574","essl","",""
"19120","s3575","essl","",""
"19121","s3576","essl","",""
"19122","s3577","essl","",""
"19123","s3578","essl","",""
"19124","s3579","essl","",""
"19125","s3580","essl","",""
"19126","s3581","essl","",""
"19127","s3582","essl","",""
"19128","s3583","essl","",""
"19129","s3584","essl","",""
"19130","s3585","essl","",""
"19131","s3586","essl","",""
"19132","s3587","essl","",""
"19133","s3588","essl","",""
"19134","s3589","essl","",""
"19135","s3590","essl","",""
"19136","s3591","essl","",""
"19137","s3592","essl","",""
"19138","s3593","essl","",""
"19139","s3594","essl","",""
"19140","s3595","essl","",""
"19141","s3596","essl","",""
"19142","s3597","essl","",""
"19143","s3598","essl","",""
"19144","s3599","essl","",""
"19145","s3600","essl","",""
"19146","s3601","essl","",""
"19147","s3602","essl","",""
"19148","s3603","essl","",""
"19149","s3604","essl","",""
"19150","s3605","essl","",""
"19151","s3606","essl","",""
"19152","s3607","essl","",""
"19153","s3608","essl","",""
"19154","s3609","essl","",""
"19155","s3610","essl","",""
"19156","s3611","essl","",""
"19157","s3612","essl","",""
"19158","s3613","essl","",""
"19159","s3614","essl","",""
"19160","s3615","essl","",""
"19161","s3616","essl","",""
"19162","s3617","essl","",""
"19163","s3618","essl","",""
"19164","s3619","essl","",""
"19165","s3620","essl","",""
"19166","s3621","essl","",""
"19167","s3622","essl","",""
"19168","s3623","essl","",""
"19169","s3624","essl","",""
"19170","s3625","essl","",""
"19171","s3626","essl","",""
"19172","s3627","essl","",""
"19173","s3628","essl","",""
"19174","s3629","essl","",""
"19175","s3630","essl","",""
"19176","s3631","essl","",""
"19177","s3632","essl","",""
"19178","s3633","essl","",""
"19179","s3634","essl","",""
"19180","s3635","essl","",""
"19181","s3636","essl","",""
"19182","s3637","essl","",""
"19183","s3638","essl","",""
"19184","s3639","essl","",""
"19185","s3640","essl","",""
"19186","s3641","essl","",""
"19187","s3642","essl","",""
"19188","s3643","essl","",""
"19189","s3644","essl","",""
"19190","s3645","essl","",""
"19191","s3646","essl","",""
"19192","s3647","essl","",""
"19193","s3648","essl","",""
"19194","s3649","essl","",""
"19195","s3650","essl","",""
"19196","s3651","essl","",""
"19197","s3652","essl","",""
"19198","s3653","essl","",""
"19199","s3654","essl","",""
"19200","s3655","essl","",""
"19201","s3656","essl","",""
"19202","s3657","essl","",""
"19203","s3658","essl","",""
"19204","s3659","essl","",""
"19205","s3660","essl","",""
"19206","s3661","essl","",""
"19207","s3662","essl","",""
"19208","s3663","essl","",""
"19209","s3664","essl","",""
"19210","s3665","essl","",""
"19211","s3666","essl","",""
"19212","s3667","essl","",""
"19213","s3668","essl","",""
"19214","s3669","essl","",""
"19215","s3670","essl","",""
"19216","s3671","essl","",""
"19217","s3672","essl","",""
"19218","s3673","essl","",""
"19219","s3674","essl","",""
"19220","s3675","essl","",""
"19221","s3676","essl","",""
"19222","s3677","essl","",""
"19223","s3678","essl","",""
"19224","s3679","essl","",""
"19225","s3680","essl","",""
"19226","s3681","essl","",""
"19227","s3682","essl","",""
"19228","s3683","essl","",""
"19229","s3684","essl","",""
"19230","s3685","essl","",""
"19231","s3686","essl","",""
"19232","s3687","essl","",""
"19233","s3688","essl","",""
"19234","s3689","essl","",""
"19235","s3690","essl","",""
"19236","s3691","essl","",""
"19237","s3692","essl","",""
"19238","s3693","essl","",""
"19239","s3694","essl","",""
"19240","s3695","essl","",""
"19241","s3696","essl","",""
"19242","s3697","essl","",""
"19243","s3698","essl","",""
"19244","s3699","essl","",""
"19245","s3700","essl","",""
"19246","s3701","essl","",""
"19247","s3702","essl","",""
"19248","s3703","essl","",""
"19249","s3704","essl","",""
"19250","s3705","essl","",""
"19251","s3706","essl","",""
"19252","s3707","essl","",""
"19253","s3708","essl","",""
"19254","s3709","essl","",""
"19255","s3710","essl","",""
"19256","s3711","essl","",""
"19257","s3712","essl","",""
"19258","s3713","essl","",""
"19259","s3714","essl","",""
"19260","s3715","essl","",""
"19261","s3716","essl","",""
"19262","s3717","essl","",""
"19263","s3718","essl","",""
"19264","s3719","essl","",""
"19265","s3720","essl","",""
"19266","s3721","essl","",""
"19267","s3722","essl","",""
"19268","s3723","essl","",""
"19269","s3724","essl","",""
"19270","s3725","essl","",""
"19271","s3726","essl","",""
"19272","s3727","essl","",""
"19273","s3728","essl","",""
"19274","s3729","essl","",""
"19275","s3730","essl","",""
"19276","s3731","essl","",""
"19277","s3732","essl","",""
"19278","s3733","essl","",""
"19279","s3734","essl","",""
"19280","s3735","essl","",""
"19281","s3736","essl","",""
"19282","s3737","essl","",""
"19283","s3738","essl","",""
"19284","s3739","essl","",""
"19285","s3740","essl","",""
"19286","s3741","essl","",""
"19287","s3742","essl","",""
"19288","s3743","essl","",""
"19289","s3744","essl","",""
"19290","s3745","essl","",""
"19291","s3746","essl","",""
"19292","s3747","essl","",""
"19293","s3748","essl","",""
"19294","s3749","essl","",""
"19295","s3750","essl","",""
"19296","s3751","essl","",""
"19297","s3752","essl","",""
"19298","s3753","essl","",""
"19299","s3754","essl","",""
"19300","s3755","essl","",""
"19301","s3756","essl","",""
"19302","s3757","essl","",""
"19303","s3758","essl","",""
"19304","s3759","essl","",""
"19305","s3760","essl","",""
"19306","s3761","essl","",""
"19307","s3762","essl","",""
"19308","s3763","essl","",""
"19309","s3764","essl","",""
"19310","s3765","essl","",""
"19311","s3766","essl","",""
"19312","s3767","essl","",""
"19313","s3768","essl","",""
"19314","s3769","essl","",""
"19315","s3770","essl","",""
"19316","s3771","essl","",""
"19317","s3772","essl","",""
"19318","s3773","essl","",""
"19319","s3774","essl","",""
"19320","s3775","essl","",""
"19321","s3776","essl","",""
"19322","s3777","essl","",""
"19323","s3778","essl","",""
"19324","s3779","essl","",""
"19325","s3780","essl","",""
"19326","s3781","essl","",""
"19327","s3782","essl","",""
"19328","s3783","essl","",""
"19329","s3784","essl","",""
"19330","s3785","essl","",""
"19331","s3786","essl","",""
"19332","s3787","essl","",""
"19333","s3788","essl","",""
"19334","s3789","essl","",""
"19335","s3790","essl","",""
"19336","s3791","essl","",""
"19337","s3792","essl","",""
"19338","s3793","essl","",""
"19339","s3794","essl","",""
"19340","s3795","essl","",""
"19341","s3796","essl","",""
"19342","s3797","essl","",""
"19343","s3798","essl","",""
"19344","s3799","essl","",""
"19345","s3800","essl","",""
"19346","s3801","essl","",""
"19347","s3802","essl","",""
"19348","s3803","essl","",""
"19349","s3804","essl","",""
"19450","s880","freeflow","",""
"19451","s881","freeflow","",""
"19452","s882","freeflow","",""
"19453","s883","freeflow","",""
"19454","s884","freeflow","",""
"19455","s885","freeflow","",""
"19456","s886","freeflow","",""
"19457","s887","freeflow","",""
"19458","s888","freeflow","",""
"19459","s889","freeflow","",""
"19460","s890","freeflow","",""
"19461","s891","freeflow","",""
"19462","s892","freeflow","",""
"19463","s893","freeflow","",""
"19464","s894","freeflow","",""
"19465","s895","freeflow","",""
"19466","s896","freeflow","",""
"19467","s897","freeflow","",""
"19468","s898","freeflow","",""
"19469","s899","freeflow","",""
"19470","s900","freeflow","",""
"19471","s901","freeflow","",""
"19472","s902","freeflow","",""
"19473","s903","freeflow","",""
"19474","s904","freeflow","",""
"19475","s905","freeflow","",""
"19476","s906","freeflow","",""
"19477","s907","freeflow","",""
"19478","s908","freeflow","",""
"19479","s909","freeflow","",""
"19900","s3905","essl","",""
"19901","s3906","essl","",""
"19902","s3907","essl","",""
"19903","s3908","essl","",""
"19904","s3909","essl","",""
"19905","s3910","essl","",""
"19906","s3911","essl","",""
"19907","s3912","essl","",""
"19908","s3913","essl","",""
"19909","s3914","essl","",""
"19910","s3915","essl","",""
"19911","s3916","essl","",""
"19912","s3917","essl","",""
"19913","s3918","essl","",""
"19914","s3919","essl","",""
"19915","s3920","essl","",""
"19916","s3921","essl","",""
"19917","s3922","essl","",""
"19918","s3923","essl","",""
"19919","s3924","essl","",""
"19920","s3925","essl","",""
"19921","s3926","essl","",""
"19922","s3927","essl","",""
"19923","s3928","essl","",""
"19924","s3929","essl","",""
"19925","s3930","essl","",""
"19926","s3931","essl","",""
"19927","s3932","essl","",""
"19928","s3933","essl","",""
"19929","s3934","essl","",""
"19930","s3935","essl","",""
"19931","s3936","essl","",""
"19932","s3937","essl","",""
"19933","s3938","essl","",""
"19934","s3939","essl","",""
"19935","s3940","essl","",""
"19936","s3941","essl","",""
"19937","s3942","essl","",""
"19938","s3943","essl","",""
"19939","s3944","essl","",""
"19940","s3945","essl","",""
"19941","s3946","essl","",""
"19942","s3947","essl","",""
"19943","s3948","essl","",""
"19944","s3949","essl","",""
"19945","s3950","essl","",""
"19946","s3951","essl","",""
"19947","s3952","essl","",""
"19948","s3953","essl","",""
"19949","s3954","essl","",""
"19950","s3955","essl","",""
"19951","s3956","essl","",""
"19952","s3957","essl","",""
"19953","s3958","essl","",""
"19954","s3959","essl","",""
"19955","s3960","essl","",""
"19956","s3961","essl","",""
"19957","s3962","essl","",""
"19958","s3963","essl","",""
"19959","s3964","essl","",""
"19960","s3965","essl","",""
"19961","s3966","essl","",""
"19962","s3967","essl","",""
"19963","s3968","essl","",""
"19964","s3969","essl","",""
"19965","s3970","essl","",""
"19966","s3971","essl","",""
"19967","s3972","essl","",""
"19968","s3973","essl","",""
"19969","s3974","essl","",""
"19970","s3975","essl","",""
"19971","s3976","essl","",""
"19972","s3977","essl","",""
"19973","s3978","essl","",""
"19974","s3979","essl","",""
"19975","s3980","essl","",""
"19976","s3981","essl","",""
"19977","s3982","essl","",""
"19978","s3983","essl","",""
"19979","s3984","essl","",""
"19980","s3985","essl","",""
"19981","s3986","essl","",""
"19982","s3987","essl","",""
"19983","s3988","essl","",""
"19984","s3989","essl","",""
"19985","s3990","essl","",""
"19986","s3991","essl","",""
"19987","s3992","essl","",""
"19988","s3993","essl","",""
"19989","s3994","essl","",""
"19990","s3995","essl","",""
"19991","s3996","essl","",""
"19992","s3997","essl","",""
"19993","s3998","essl","",""
"19994","s3999","essl","",""
"19995","s4000","essl","",""
"19996","s4001","essl","",""
"19997","s4002","essl","",""
"19998","s4003","essl","",""
"20501","s4004","essl","",""
"20502","s4005","essl","",""
"20503","s4006","essl","",""
"20504","s4007","essl","",""
"20505","s4008","essl","",""
"20506","s4009","essl","",""
"20507","s4010","essl","",""
"20508","s4011","essl","",""
"20509","s4012","essl","",""
"20510","s4013","essl","",""
"20511","s4014","essl","",""
"20512","s4015","essl","",""
"20513","s4016","essl","",""
"20514","s4017","essl","",""
"20515","s4018","essl","",""
"20516","s4019","essl","",""
"20517","s4020","essl","",""
"20518","s4021","essl","",""
"20519","s4022","essl","",""
"20520","s4023","essl","",""
"20521","s4024","essl","",""
"20522","s4025","essl","",""
"20523","s4026","essl","",""
"20524","s4027","essl","",""
"20525","s4028","essl","",""
"20526","s4029","essl","",""
"20527","s4030","essl","",""
"20528","s4031","essl","",""
"20529","s4032","essl","",""
"20530","s4033","essl","",""
"20531","s4034","essl","",""
"20532","s4035","essl","",""
"20533","s4036","essl","",""
"20534","s4037","essl","",""
"20535","s4038","essl","",""
"20536","s4039","essl","",""
"20537","s4040","essl","",""
"20538","s4041","essl","",""
"20539","s4042","essl","",""
"20540","s4043","essl","",""
"20541","s4044","essl","",""
"20542","s4045","essl","",""
"20543","s4046","essl","",""
"20544","s4047","essl","",""
"20545","s4048","essl","",""
"20546","s4049","essl","",""
"20547","s4050","essl","",""
"20548","s4051","essl","",""
"20549","s4052","essl","",""
"20550","s4053","essl","",""
"20551","s4054","essl","",""
"20552","s4055","essl","",""
"20553","s4056","essl","",""
"20554","s4057","essl","",""
"20555","s4058","essl","",""
"20556","s4059","essl","",""
"20557","s4060","essl","",""
"20558","s4061","essl","",""
"20559","s4062","essl","",""
"20560","s4063","essl","",""
"20561","s4064","essl","",""
"20562","s4065","essl","",""
"20563","s4066","essl","",""
"20564","s4067","essl","",""
"20565","s4068","essl","",""
"20566","s4069","essl","",""
"20567","s4070","essl","",""
"20568","s4071","essl","",""
"20569","s4072","essl","",""
"20570","s4073","essl","",""
"20571","s4074","essl","",""
"20572","s4075","essl","",""
"20573","s4076","essl","",""
"20574","s4077","essl","",""
"20575","s4078","essl","",""
"20576","s4079","essl","",""
"20577","s4080","essl","",""
"20578","s4081","essl","",""
"20579","s4082","essl","",""
"20580","s4083","essl","",""
"20581","s4084","essl","",""
"20582","s4085","essl","",""
"20583","s4086","essl","",""
"20584","s4087","essl","",""
"20585","s4088","essl","",""
"20586","s4089","essl","",""
"20587","s4090","essl","",""
"20588","s4091","essl","",""
"20589","s4092","essl","",""
"20590","s4093","essl","",""
"20591","s4094","essl","",""
"20592","s4095","essl","",""
"20593","s4096","essl","",""
"20594","s4097","essl","",""
"20595","s4098","essl","",""
"20596","s4099","essl","",""
"20597","s4100","essl","",""
"20598","s4101","essl","",""
"20599","s4102","essl","",""
"20600","s4103","essl","",""
"20601","s4104","essl","",""
"20602","s4105","essl","",""
"20603","s4106","essl","",""
"20604","s4107","essl","",""
"20605","s4108","essl","",""
"20606","s4109","essl","",""
"20607","s4110","essl","",""
"20608","s4111","essl","",""
"20609","s4112","essl","",""
"20610","s4113","essl","",""
"20611","s4114","essl","",""
"20612","s4115","essl","",""
"20613","s4116","essl","",""
"20614","s4117","essl","",""
"20615","s4118","essl","",""
"20616","s4119","essl","",""
"20617","s4120","essl","",""
"20618","s4121","essl","",""
"20619","s4122","essl","",""
"20620","s4123","essl","",""
"20621","s4124","essl","",""
"20622","s4125","essl","",""
"20623","s4126","essl","",""
"20624","s4127","essl","",""
"20625","s4128","essl","",""
"20626","s4129","essl","",""
"20627","s4130","essl","",""
"20628","s4131","essl","",""
"20629","s4132","essl","",""
"20630","s4133","essl","",""
"20631","s4134","essl","",""
"20632","s4135","essl","",""
"20633","s4136","essl","",""
"20634","s4137","essl","",""
"20635","s4138","essl","",""
"20636","s4139","essl","",""
"20637","s4140","essl","",""
"20638","s4141","essl","",""
"20639","s4142","essl","",""
"20640","s4143","essl","",""
"20641","s4144","essl","",""
"20642","s4145","essl","",""
"20643","s4146","essl","",""
"20644","s4147","essl","",""
"20645","s4148","essl","",""
"20646","s4149","essl","",""
"20647","s4150","essl","",""
"20648","s4151","essl","",""
"20649","s4152","essl","",""
"20650","s4153","essl","",""
"20651","s4154","essl","",""
"20652","s4155","essl","",""
"20653","s4156","essl","",""
"20654","s4157","essl","",""
"20655","s4158","essl","",""
"20656","s4159","essl","",""
"20657","s4160","essl","",""
"20658","s4161","essl","",""
"20659","s4162","essl","",""
"20660","s4163","essl","",""
"20661","s4164","essl","",""
"20662","s4165","essl","",""
"20663","s4166","essl","",""
"20664","s4167","essl","",""
"20665","s4168","essl","",""
"20666","s4169","essl","",""
"20667","s4170","essl","",""
"20668","s4171","essl","",""
"20669","s4172","essl","",""
"20670","s4173","essl","",""
"20671","s4174","essl","",""
"20672","s4175","essl","",""
"20673","s4176","essl","",""
"20674","s4177","essl","",""
"20675","s4178","essl","",""
"20676","s4179","essl","",""
"20677","s4180","essl","",""
"20678","s4181","essl","",""
"20679","s4182","essl","",""
"20680","s4183","essl","",""
"20681","s4184","essl","",""
"20682","s4185","essl","",""
"20683","s4186","essl","",""
"20684","s4187","essl","",""
"20685","s4188","essl","",""
"20686","s4189","essl","",""
"20687","s4190","essl","",""
"20688","s4191","essl","",""
"20689","s4192","essl","",""
"20690","s4193","essl","",""
"20691","s4194","essl","",""
"20692","s4195","essl","",""
"20693","s4196","essl","",""
"20694","s4197","essl","",""
"20695","s4198","essl","",""
"20696","s4199","essl","",""
"20697","s4200","essl","",""
"20698","s4201","essl","",""
"20699","s4202","essl","",""
"20700","s4203","essl","",""
"20701","s4204","essl","",""
"20702","s4205","essl","",""
"20703","s4206","essl","",""
"20704","s4207","essl","",""
"20705","s4208","essl","",""
"20706","s4209","essl","",""
"20707","s4210","essl","",""
"20708","s4211","essl","",""
"20709","s4212","essl","",""
"20710","s4213","essl","",""
"20711","s4214","essl","",""
"20712","s4215","essl","",""
"20713","s4216","essl","",""
"20714","s4217","essl","",""
"20715","s4218","essl","",""
"20716","s4219","essl","",""
"20717","s4220","essl","",""
"20718","s4221","essl","",""
"20719","s4222","essl","",""
"20720","s4223","essl","",""
"20721","s4224","essl","",""
"20722","s4225","essl","",""
"20723","s4226","essl","",""
"20724","s4227","essl","",""
"20725","s4228","essl","",""
"20726","s4229","essl","",""
"20727","s4230","essl","",""
"20728","s4231","essl","",""
"20729","s4232","essl","",""
"20730","s4233","essl","",""
"20731","s4234","essl","",""
"20732","s4235","essl","",""
"20733","s4236","essl","",""
"20734","s4237","essl","",""
"20735","s4238","essl","",""
"20736","s4239","essl","",""
"20737","s4240","essl","",""
"20738","s4241","essl","",""
"20739","s4242","essl","",""
"20740","s4243","essl","",""
"20741","s4244","essl","",""
"20742","s4245","essl","",""
"20743","s4246","essl","",""
"20744","s4247","essl","",""
"20745","s4248","essl","",""
"20746","s4249","essl","",""
"20747","s4250","essl","",""
"20748","s4251","essl","",""
"20749","s4252","essl","",""
"20750","s4253","essl","",""
"20751","s4254","essl","",""
"20752","s4255","essl","",""
"20753","s4256","essl","",""
"20754","s4257","essl","",""
"20755","s4258","essl","",""
"20756","s4259","essl","",""
"20757","s4260","essl","",""
"20758","s4261","essl","",""
"20759","s4262","essl","",""
"20760","s4263","essl","",""
"20761","s4264","essl","",""
"20762","s4265","essl","",""
"20763","s4266","essl","",""
"20764","s4267","essl","",""
"20765","s4268","essl","",""
"20766","s4269","essl","",""
"20767","s4270","essl","",""
"20768","s4271","essl","",""
"20769","s4272","essl","",""
"20770","s4273","essl","",""
"20771","s4274","essl","",""
"20772","s4275","essl","",""
"20773","s4276","essl","",""
"20774","s4277","essl","",""
"20775","s4278","essl","",""
"20776","s4279","essl","",""
"20777","s4280","essl","",""
"20778","s4281","essl","",""
"20779","s4282","essl","",""
"20780","s4283","essl","",""
"20781","s4284","essl","",""
"20782","s4285","essl","",""
"20783","s4286","essl","",""
"20784","s4287","essl","",""
"20785","s4288","essl","",""
"20786","s4289","essl","",""
"20787","s4290","essl","",""
"20788","s4291","essl","",""
"20789","s4292","essl","",""
"20790","s4293","essl","",""
"20791","s4294","essl","",""
"20792","s4295","essl","",""
"20793","s4296","essl","",""
"20794","s4297","essl","",""
"20795","s4298","essl","",""
"20796","s4299","essl","",""
"20797","s4300","essl","",""
"20798","s4301","essl","",""
"20799","s4302","essl","",""
"20800","s4303","essl","",""
"20801","s4304","essl","",""
"20802","s4305","essl","",""
"20803","s4306","essl","",""
"20804","s4307","essl","",""
"20805","s4308","essl","",""
"20806","s4309","essl","",""
"20807","s4310","essl","",""
"20808","s4311","essl","",""
"20809","s4312","essl","",""
"20810","s4313","essl","",""
"20811","s4314","essl","",""
"20812","s4315","essl","",""
"20813","s4316","essl","",""
"20814","s4317","essl","",""
"20815","s4318","essl","",""
"20816","s4319","essl","",""
"20817","s4320","essl","",""
"20818","s4321","essl","",""
"20819","s4322","essl","",""
"20820","s4323","essl","",""
"20821","s4324","essl","",""
"20822","s4325","essl","",""
"20823","s4326","essl","",""
"20824","s4327","essl","",""
"20825","s4328","essl","",""
"20826","s4329","essl","",""
"20827","s4330","essl","",""
"20828","s4331","essl","",""
"20829","s4332","essl","",""
"20830","s4333","essl","",""
"20831","s4334","essl","",""
"20832","s4335","essl","",""
"20833","s4336","essl","",""
"20834","s4337","essl","",""
"20835","s4338","essl","",""
"20836","s4339","essl","",""
"20837","s4340","essl","",""
"20838","s4341","essl","",""
"20839","s4342","essl","",""
"20840","s4343","essl","",""
"20841","s4344","essl","",""
"20842","s4345","essl","",""
"20843","s4346","essl","",""
"20844","s4347","essl","",""
"20845","s4348","essl","",""
"20846","s4349","essl","",""
"20847","s4350","essl","",""
"20848","s4351","essl","",""
"20849","s4352","essl","",""
"20850","s4353","essl","",""
"20851","s4354","essl","",""
"20852","s4355","essl","",""
"20853","s4356","essl","",""
"20854","s4357","essl","",""
"20855","s4358","essl","",""
"20856","s4359","essl","",""
"20857","s4360","essl","",""
"20858","s4361","essl","",""
"20859","s4362","essl","",""
"20860","s4363","essl","",""
"20861","s4364","essl","",""
"20862","s4365","essl","",""
"20863","s4366","essl","",""
"20864","s4367","essl","",""
"20865","s4368","essl","",""
"20866","s4369","essl","",""
"20867","s4370","essl","",""
"20868","s4371","essl","",""
"20869","s4372","essl","",""
"20870","s4373","essl","",""
"20871","s4374","essl","",""
"20872","s4375","essl","",""
"20873","s4376","essl","",""
"20874","s4377","essl","",""
"20875","s4378","essl","",""
"20876","s4379","essl","",""
"20877","s4380","essl","",""
"20878","s4381","essl","",""
"20879","s4382","essl","",""
"20880","s4383","essl","",""
"20881","s4384","essl","",""
"20882","s4385","essl","",""
"20883","s4386","essl","",""
"20884","s4387","essl","",""
"20885","s4388","essl","",""
"20886","s4389","essl","",""
"20887","s4390","essl","",""
"20888","s4391","essl","",""
"20889","s4392","essl","",""
"20890","s4393","essl","",""
"20891","s4394","essl","",""
"20892","s4395","essl","",""
"20893","s4396","essl","",""
"20894","s4397","essl","",""
"20895","s4398","essl","",""
"20896","s4399","essl","",""
"20897","s4400","essl","",""
"20898","s4401","essl","",""
"20899","s4402","essl","",""
"20900","s4403","essl","",""
"20901","s4404","essl","",""
"20902","s4405","essl","",""
"20903","s4406","essl","",""
"20904","s4407","essl","",""
"20905","s4408","essl","",""
"20906","s4409","essl","",""
"20907","s4410","essl","",""
"20908","s4411","essl","",""
"20909","s4412","essl","",""
"20910","s4413","essl","",""
"20911","s4414","essl","",""
"20912","s4415","essl","",""
"20913","s4416","essl","",""
"20914","s4417","essl","",""
"20915","s4418","essl","",""
"20916","s4419","essl","",""
"20917","s4420","essl","",""
"20918","s4421","essl","",""
"20919","s4422","essl","",""
"20920","s4423","essl","",""
"20921","s4424","essl","",""
"20922","s4425","essl","",""
"20923","s4426","essl","",""
"20924","s4427","essl","",""
"20925","s4428","essl","",""
"20926","s4429","essl","",""
"20927","s4430","essl","",""
"20928","s4431","essl","",""
"20929","s4432","essl","",""
"20930","s4433","essl","",""
"20931","s4434","essl","",""
"20932","s4435","essl","",""
"20933","s4436","essl","",""
"20934","s4437","essl","",""
"20935","s4438","essl","",""
"20936","s4439","essl","",""
"20937","s4440","essl","",""
"20938","s4441","essl","",""
"20939","s4442","essl","",""
"20940","s4443","essl","",""
"20941","s4444","essl","",""
"20942","s4445","essl","",""
"20943","s4446","essl","",""
"20944","s4447","essl","",""
"20945","s4448","essl","",""
"20946","s4449","essl","",""
"20947","s4450","essl","",""
"20948","s4451","essl","",""
"20949","s4452","essl","",""
"20950","s4453","essl","",""
"20951","s4454","essl","",""
"20952","s4455","essl","",""
"20953","s4456","essl","",""
"20954","s4457","essl","",""
"20955","s4458","essl","",""
"20956","s4459","essl","",""
"20957","s4460","essl","",""
"20958","s4461","essl","",""
"20959","s4462","essl","",""
"20960","s4463","essl","",""
"20961","s4464","essl","",""
"20962","s4465","essl","",""
"20963","s4466","essl","",""
"20964","s4467","essl","",""
"20965","s4468","essl","",""
"20966","s4469","essl","",""
"20967","s4470","essl","",""
"20968","s4471","essl","",""
"20969","s4472","essl","",""
"20970","s4473","essl","",""
"20971","s4474","essl","",""
"20972","s4475","essl","",""
"20973","s4476","essl","",""
"20974","s4477","essl","",""
"20975","s4478","essl","",""
"20976","s4479","essl","",""
"20977","s4480","essl","",""
"20978","s4481","essl","",""
"20979","s4482","essl","",""
"20980","s4483","essl","",""
"20981","s4484","essl","",""
"20982","s4485","essl","",""
"20983","s4486","essl","",""
"20984","s4487","essl","",""
"20985","s4488","essl","",""
"20986","s4489","essl","",""
"20987","s4490","essl","",""
"20988","s4491","essl","",""
"20989","s4492","essl","",""
"20990","s4493","essl","",""
"20991","s4494","essl","",""
"20992","s4495","essl","",""
"20993","s4496","essl","",""
"20994","s4497","essl","",""
"20995","s4498","essl","",""
"20996","s4499","essl","",""
"20997","s4500","essl","",""
"20998","s4501","essl","",""
"20999","s4502","essl","",""
"21000","s4503","essl","",""
"21001","s4504","essl","",""
"21002","s4505","essl","",""
"21003","s4506","essl","",""
"21004","s4507","essl","",""
"21005","s4508","essl","",""
"21006","s4509","essl","",""
"21007","s4510","essl","",""
"21008","s4511","essl","",""
"21009","s4512","essl","",""
"21010","s4513","essl","",""
"21011","s4514","essl","",""
"21012","s4515","essl","",""
"21013","s4516","essl","",""
"21014","s4517","essl","",""
"21015","s4518","essl","",""
"21016","s4519","essl","",""
"21017","s4520","essl","",""
"21018","s4521","essl","",""
"21019","s4522","essl","",""
"21020","s4523","essl","",""
"21021","s4524","essl","",""
"21022","s4525","essl","",""
"21023","s4526","essl","",""
"21024","s4527","essl","",""
"21025","s4528","essl","",""
"21026","s4529","essl","",""
"21027","s4530","essl","",""
"21028","s4531","essl","",""
"21029","s4532","essl","",""
"21030","s4533","essl","",""
"21031","s4534","essl","",""
"21032","s4535","essl","",""
"21033","s4536","essl","",""
"21034","s4537","essl","",""
"21035","s4538","essl","",""
"21036","s4539","essl","",""
"21037","s4540","essl","",""
"21038","s4541","essl","",""
"21039","s4542","essl","",""
"21040","s4543","essl","",""
"21041","s4544","essl","",""
"21042","s4545","essl","",""
"21043","s4546","essl","",""
"21044","s4547","essl","",""
"21045","s4548","essl","",""
"21046","s4549","essl","",""
"21047","s4550","essl","",""
"21048","s4551","essl","",""
"21049","s4552","essl","",""
"21050","s4553","essl","",""
"21051","s4554","essl","",""
"21052","s4555","essl","",""
"21053","s4556","essl","",""
"21054","s4557","essl","",""
"21055","s4558","essl","",""
"21056","s4559","essl","",""
"21057","s4560","essl","",""
"21058","s4561","essl","",""
"21059","s4562","essl","",""
"21060","s4563","essl","",""
"21061","s4564","essl","",""
"21062","s4565","essl","",""
"21063","s4566","essl","",""
"21064","s4567","essl","",""
"21065","s4568","essl","",""
"21066","s4569","essl","",""
"21067","s4570","essl","",""
"21068","s4571","essl","",""
"21069","s4572","essl","",""
"21070","s4573","essl","",""
"21071","s4574","essl","",""
"21072","s4575","essl","",""
"21073","s4576","essl","",""
"21074","s4577","essl","",""
"21075","s4578","essl","",""
"21076","s4579","essl","",""
"21077","s4580","essl","",""
"21078","s4581","essl","",""
"21079","s4582","essl","",""
"21080","s4583","essl","",""
"21081","s4584","essl","",""
"21082","s4585","essl","",""
"21083","s4586","essl","",""
"21084","s4587","essl","",""
"21085","s4588","essl","",""
"21086","s4589","essl","",""
"21087","s4590","essl","",""
"21088","s4591","essl","",""
"21089","s4592","essl","",""
"21090","s4593","essl","",""
"21091","s4594","essl","",""
"21092","s4595","essl","",""
"21093","s4596","essl","",""
"21094","s4597","essl","",""
"21095","s4598","essl","",""
"21096","s4599","essl","",""
"21097","s4600","essl","",""
"21098","s4601","essl","",""
"21099","s4602","essl","",""
"21100","s4603","essl","",""
"21501","s930","freeflow","",""
"21502","s931","freeflow","",""
"21503","s932","freeflow","",""
"21504","s933","freeflow","",""
"21505","s934","freeflow","",""
"21506","s935","freeflow","",""
"21507","s936","freeflow","",""
"21508","s937","freeflow","",""
"21509","s938","freeflow","",""
"21510","s939","freeflow","",""
"21511","s940","freeflow","",""
"21512","s941","freeflow","",""
"21513","s942","freeflow","",""
"21514","s943","freeflow","",""
"21515","s944","freeflow","",""
"21516","s945","freeflow","",""
"21517","s946","freeflow","",""
"21518","s947","freeflow","",""
"21519","s948","freeflow","",""
"21520","s949","freeflow","",""
"21521","s950","freeflow","",""
"21522","s951","freeflow","",""
"21523","s952","freeflow","",""
"21524","s953","freeflow","",""
"21525","s954","freeflow","",""
"21526","s955","freeflow","",""
"21527","s956","freeflow","",""
"21528","s957","freeflow","",""
"21529","s958","freeflow","",""
"21530","s959","freeflow","",""
"21531","s960","freeflow","",""
"21532","s961","freeflow","",""
"21533","s962","freeflow","",""
"21534","s963","freeflow","",""
"21535","s964","freeflow","",""
"21536","s965","freeflow","",""
"21537","s966","freeflow","",""
"21538","s967","freeflow","",""
"21539","s968","freeflow","",""
"21540","s969","freeflow","",""
"21541","s970","freeflow","",""
"21542","s971","freeflow","",""
"21543","s972","freeflow","",""
"21544","s973","freeflow","",""
"21545","s974","freeflow","",""
"21546","s975","freeflow","",""
"21547","s976","freeflow","",""
"21548","s977","freeflow","",""
"21549","s978","freeflow","",""
"21550","s979","freeflow","",""
"21551","s980","freeflow","",""
"21552","s981","freeflow","",""
"21553","s982","freeflow","",""
"21554","s983","freeflow","",""
"21555","s984","freeflow","",""
"21556","s985","freeflow","",""
"21557","s986","freeflow","",""
"21558","s987","freeflow","",""
"21559","s988","freeflow","",""
"21560","s989","freeflow","",""
"21561","s990","freeflow","",""
"21562","s991","freeflow","",""
"21563","s992","freeflow","",""
"21564","s993","freeflow","",""
"21565","s994","freeflow","",""
"21566","s995","freeflow","",""
"21567","s996","freeflow","",""
"21568","s997","freeflow","",""
"21569","s998","freeflow","",""
"21570","s999","freeflow","",""
"21571","s1000","freeflow","",""
"21572","s1001","freeflow","",""
"21573","s1002","freeflow","",""
"21574","s1003","freeflow","",""
"21575","s1004","freeflow","",""
"21576","s1005","freeflow","",""
"21577","s1006","freeflow","",""
"21578","s1007","freeflow","",""
"21579","s1008","freeflow","",""
"21580","s1009","freeflow","",""
"21581","s1010","freeflow","",""
"21582","s1011","freeflow","",""
"21583","s1012","freeflow","",""
"21584","s1013","freeflow","",""
"21585","s1014","freeflow","",""
"21586","s1015","freeflow","",""
"21587","s1016","freeflow","",""
"21588","s1017","freeflow","",""
"21589","s1018","freeflow","",""
"21590","s1019","freeflow","",""
"21591","s1020","freeflow","",""
"21592","s1021","freeflow","",""
"21593","s1022","freeflow","",""
"21594","s1023","freeflow","",""
"21595","s1024","freeflow","",""
"21596","s1025","freeflow","",""
"21597","s1026","freeflow","",""
"21598","s1027","freeflow","",""
"21599","s1028","freeflow","",""
"21600","s1029","freeflow","",""
"21601","s1030","freeflow","",""
"21602","s1031","freeflow","",""
"21603","s1032","freeflow","",""
"21604","s1033","freeflow","",""
"21605","s1034","freeflow","",""
"21606","s1035","freeflow","",""
"21607","s1036","freeflow","",""
"21608","s1037","freeflow","",""
"21609","s1038","freeflow","",""
"21610","s1039","freeflow","",""
"21611","s1040","freeflow","",""
"21612","s1041","freeflow","",""
"21613","s1042","freeflow","",""
"21614","s1043","freeflow","",""
"21615","s1044","freeflow","",""
"21616","s1045","freeflow","",""
"21617","s1046","freeflow","",""
"21618","s1047","freeflow","",""
"21619","s1048","freeflow","",""
"21620","s1049","freeflow","",""
"21621","s1050","freeflow","",""
"21622","s1051","freeflow","",""
"21623","s1052","freeflow","",""
"21624","s1053","freeflow","",""
"21625","s1054","freeflow","",""
"21626","s1055","freeflow","",""
"21627","s1056","freeflow","",""
"21628","s1057","freeflow","",""
"21629","s1058","freeflow","",""
"21630","s1059","freeflow","",""
"21631","s1060","freeflow","",""
"21632","s1061","freeflow","",""
"21633","s1062","freeflow","",""
"21634","s1063","freeflow","",""
"21635","s1064","freeflow","",""
"21636","s1065","freeflow","",""
"21637","s1066","freeflow","",""
"21638","s1067","freeflow","",""
"21639","s1068","freeflow","",""
"21640","s1069","freeflow","",""
"21641","s1070","freeflow","",""
"21642","s1071","freeflow","",""
"21643","s1072","freeflow","",""
"21644","s1073","freeflow","",""
"21645","s1074","freeflow","",""
"21646","s1075","freeflow","",""
"21647","s1076","freeflow","",""
"21648","s1077","freeflow","",""
"21649","s1078","freeflow","",""
"21650","s1079","freeflow","",""